Sample,Date,Week ,Month,LATITUDE_Y,LONGITUDE_X,Site,City,Microcystin,TDFe,pH,DOC,TKP,TKN,NH3,Nox,NO2,Cl,SO4,16S,Microcystis_mcyA,Anabaena_mcyA,Planktothrix_mcyA
1-21350001,5/22/2018,1,May,42.77043,-93.23654,Beeds_Lake,HAMPTON,0.402,22.9,8.5,2.769,1.243,0.495,0.02,4.871,,17.091,16.614,3.34E+06,0.00E+00,0.00E+00,0.00E+00
1-21810002,5/22/2018,1,May,42.29637,-95.02906,Black_Hawk_Beach,LAKE VIEW,0.465,17.9,8,6.172,1.266,0.565,0.065,0.445,-0.0747,25.221,21.104,1.04E+06,2.00E+03,0.00E+00,0.00E+00
1-21940001,5/22/2018,1,May,42.38858,-93.97857,Brushy_Creek_Beach,LEHIGH,0.472,20.2,8.1,4.087,1.33,0.491,0.065,8.985,-0.0419,23.732,19.929,3.69E+05,0.00E+00,0.00E+00,0.00E+00
1-21170001,5/22/2018,1,May,43.12524,-93.41469,Clear_Lake,CLEAR LAKE,1.163,14.3,8.7,6.488,1.217,0.468,0.03,0.042,,14.666,9.638,6.14E+05,4.65E+03,0.00E+00,0.00E+00
1-21810001,5/22/2018,1,May,42.30153,-95.036022,Denison_Beach,LAKE VIEW,0.872,14.5,8.1,8.049,1.593,0.504,0.144,0.464,-0.0658,24.853,21.128,1.06E+06,5.05E+04,0.00E+00,0.00E+00
1-21420001,5/22/2018,1,May,42.36695,-93.07805,Lower_Pine_Lake_Beach,ELDORA,0.66,26.2,8.4,3.036,1.245,0.586,0.049,3.859,,14.101,10.293,1.88E+06,2.05E+03,0.00E+00,0.00E+00
1-21170002,5/22/2018,1,May,43.120293,-93.458859,McIntosh_Woods_Beach,VENTURA,1,17.4,8.7,6.828,1.328,0.536,-0.008,0.171,,14.609,10.443,7.82E+05,8.77E+03,0.00E+00,0.00E+00
1-21130002,5/22/2018,1,May,42.479711,-94.633626,North_Twin_Lake_East_Beach ,ROCKWELL CITY,0.61,17.1,8.4,6.911,1.333,0.688,0.175,0.121,-0.0941,30.301,-9.396,7.91E+05,1.62E+03,0.00E+00,0.00E+00
1-21130001,5/22/2018,1,May,42.47907,-94.636946,North_Twin_Lake_West_Beach ,ROCKWELL CITY,0.52,16.3,8.4,6.918,1.251,0.663,0.167,0.164,-0.0954,29.231,-15.456,7.71E+05,7.69E+03,0.00E+00,0.00E+00
1-21500001,5/22/2018,1,May,41.73963,-92.85499,Rock_Creek_Beach,KELLOGG,0.235,24.6,8.2,5.117,1.224,0.943,0.579,2.069,,15.368,14.456,1.62E+06,0.00E+00,0.00E+00,0.00E+00
 2-21350001,5/31/2018,2,May,42.77043,-93.23654,Beeds_Lake,HAMPTON,0.178,17.2,8.7,2.925,1.308,0.458,0.027956,9.556,0.0638,16.834,15.455,8.04E+06,8.82E+02,0.00E+00,0.00E+00
 2-21810002,5/31/2018,2,May,42.29637,-95.02906,Black_Hawk_Beach,LAKE VIEW,1.962,17.1,8.5,7.431,1.275,0.467,0.024323,0.054,0.0087,22.621,20.48,7.98E+05,1.34E+04,0.00E+00,0.00E+00
 2-21940001,5/31/2018,2,May,42.38858,-93.97857,Brushy_Creek_Beach,LEHIGH,0.135,16.9,8,4.188,1.276,0.475,0.014151,9.175,0.0797,22.106,21.204,1.17E+06,0.00E+00,0.00E+00,0.00E+00
 2-21170001,5/31/2018,2,May,43.12524,-93.41469,Clear_Lake,CLEAR LAKE,10.423,14.2,8.1,6.749,1.274,0.471,0.010872,0.031,0.0024,14.13,8.923,1.51E+06,2.73E+04,0.00E+00,0.00E+00
 2-21810001,5/31/2018,2,May,42.30153,-95.036022,Denison_Beach,LAKE VIEW,0.543,17.1,8.3,7.16,1.316,0.508,0.015098,0.408,0.0333,23.793,21.042,2.49E+06,1.28E+05,0.00E+00,0.00E+00
 2-21420001,5/31/2018,2,May,42.36695,-93.07805,Lower_Pine_Lake_Beach,ELDORA,0.345,18.7,8.7,3.408,1.424,0.447,0.030408,4.083,0.0885,14.303,9.118,3.09E+06,1.62E+03,0.00E+00,0.00E+00
 2-21170002,5/31/2018,2,May,43.120293,-93.458859,McIntosh_Woods_Beach,VENTURA,1.095,14.7,8.7,7.945,1.363,0.5,0.021412,0.09,0.0126,13.044,9.515,1.29E+06,5.78E+04,0.00E+00,0.00E+00
 2-21130002,5/31/2018,2,May,42.479711,-94.633626,North_Twin_Lake_East_Beach ,ROCKWELL CITY,0.425,15,8,8.083,1.247,0.775,0.08612,0.144,0.0162,27.548,-33.823,8.35E+05,2.21E+03,0.00E+00,0.00E+00
 2-21130001,5/31/2018,2,May,42.47907,-94.636946,North_Twin_Lake_West_Beach ,ROCKWELL CITY,0.183,13.1,8,8.346,1.263,0.85,0.084012,0.139,0.0173,27.439,-53.955,1.11E+06,2.03E+03,0.00E+00,0.00E+00
 2-21500001,5/31/2018,2,May,41.73963,-92.85499,Rock_Creek_Beach,KELLOGG,0.195,18.5,8.7,4.706,1.328,0.482,0.022295,1.894,0.1395,16.452,14.967,4.00E+06,6.82E+02,0.00E+00,0.00E+00
3-21280001,6/5/2018,3,June,42.601715,-91.534234,Backbone_Beach,DUNDEE,0.121,12.7,8.01,1.694,1.327,0.423,0.085,13.012,0.0603,21.218,22.536,2.19E+06,0.00E+00,0.00E+00,0.00E+00
3-21350001,6/5/2018,3,June,42.77043,-93.23654,Beeds_Lake,HAMPTON,0.075,17,7.7,2.712,1.867,0.143,,7.795,0.0908,16.445,15.392,5.28E+06,0.00E+00,0.00E+00,0.00E+00
3-21770001,6/5/2018,3,June,41.79395,-93.73185,Big_Creek_Beach,POLK CITY,0.19,12.9,8,3.462,1.372,0.396,0.053,4.855,0.0759,24.925,11.775,4.34E+06,5.76E+02,0.00E+00,0.00E+00
3-21810002,6/5/2018,3,June,42.29637,-95.02906,Black_Hawk_Beach,LAKE VIEW,0.299,17.1,8.6,6.787,1.362,0.344,0.021,0.039,0.0024,23.687,17.713,1.79E+06,5.66E+03,0.00E+00,0.00E+00
3-21940001,6/5/2018,3,June,42.38858,-93.97857,Brushy_Creek_Beach,LEHIGH,0.195,14.8,8,4.18,1.332,0.331,0.027,10.039,0.0883,21.249,17.871,9.09E+05,2.49E+03,0.00E+00,0.00E+00
3-21170001,6/5/2018,3,June,43.12524,-93.41469,Clear_Lake,CLEAR LAKE,1.248,10.1,8,6.805,1.752,0.219,,0.02,0.0185,15.022,9.379,2.61E+06,3.71E+04,0.00E+00,0.00E+00
3-21300005,6/5/2018,3,June,43.496339,-95.120872,Crandalls_Beach,MILFORD,0.168,11.2,8.2,5.808,1.807,0.23,,0.129,0.0258,18.615,18.211,4.14E+06,1.04E+04,0.00E+00,0.00E+00
3-21810001,6/5/2018,3,June,42.30153,-95.036022,Denison_Beach,LAKE VIEW,2.342,17.6,8.8,6.624,1.357,0.416,0.014,0.082,0.0119,26.558,20.916,3.66E+06,6.74E+04,0.00E+00,0.00E+00
3-21300004,6/5/2018,3,June,43.356726,-95.175393,Emerson_Bay_Beach,MILFORD,0.584,12.7,8.5,5.839,1.751,0.175,,0.005,0.0175,24.93,14.18,4.14E+06,0.00E+00,0.00E+00,0.00E+00
3-21070001,6/5/2018,3,June,42.53497,-92.40055,George_Wyth_Beach,WATERLOO,0.446,21.4,8.23,5.701,1.34,0.411,0.028,0.016,0.002,56.735,16.341,2.19E+06,8.60E+03,0.00E+00,0.00E+00
3-21880001,6/5/2018,3,June,41.09832,-94.38405,Green_Valley_Beach,CRESTON,1.473,25.1,8.2,8.261,1.352,0.38,0.003,0.039,0.0051,8.979,10.377,1.28E+06,1.92E+04,0.00E+00,0.00E+00
3-21300001,6/5/2018,3,June,43.371344,-95.161174,Gull_Point_Beach,MILFORD,0.183,10.7,8.3,5.654,1.785,0.181,,0.02,0.0189,24.689,15.556,4.67E+06,5.47E+03,0.00E+00,0.00E+00
3-21040001,6/5/2018,3,June,40.869963,-92.915908,Honey_Creek_Resort_Beach,MORAVIA,0.255,7.66,8.13,5.876,1.746,0.198,,0.043,0.0289,9.947,19.112,1.11E+06,2.78E+03,0.00E+00,0.00E+00
3-21890001,6/5/2018,3,June,40.7111,-91.96997,Lacey_Keosauqua_Beach,KEOSAUQUA,0.373,12.2,8.04,7.602,1.796,0.189,,0.069,0.0191,5.56,38.274,4.52E+06,2.91E+03,0.00E+00,0.00E+00
3-21910001,6/5/2018,3,June,41.29261,-93.59564,Lake_Ahquabi_Beach,INDIANOLA,0.252,10.5,8.3,6.83,1.794,0.277,,0.031,0.0204,11.588,7.805,2.02E+06,7.71E+02,0.00E+00,0.00E+00
3-21150001,6/5/2018,3,June,41.42801,-94.78194,Lake_Anita_Beach,ANITA,0.343,9.96,8.1,5.4,1.355,0.415,0.003,0.017,0,10.747,7.087,1.61E+06,2.63E+03,0.00E+00,0.00E+00
3-21920001,6/5/2018,3,June,41.2015,-91.90524,Lake_Darling_Beach,BRIGHTON,1.651,16.7,8.6,7.89,1.816,0.226,,1.621,0.0976,20.424,11.042,8.34E+06,1.15E+05,0.00E+00,0.00E+00
3-21620001,6/5/2018,3,June,41.29514,-92.53733,Lake_Keomah_Beach,OSKALOOSA,0.042,11.7,8.67,7.272,1.845,0.201,,0.067,0.0252,27.141,28.863,1.41E+07,2.39E+04,0.00E+00,0.00E+00
3-21520001,6/5/2018,3,June,41.7935,-91.57311,Lake_Macbride_Beach,SOLON,1.848,14.8,8.76,6.075,1.334,0.317,0.012,0.165,0.0214,34.062,12.285,1.35E+06,3.01E+04,0.00E+00,0.00E+00
3-21780001,6/5/2018,3,June,41.20518,-95.85738,Lake_Manawa_Beach,COUNCIL BLUFFS,0.361,16.6,7.3,4.078,1.275,0.35,0.05,0.135,0.0093,31.434,28.014,2.66E+06,4.39E+03,0.00E+00,0.00E+00
3-21870001,6/5/2018,3,June,40.70991,-94.68961,Lake_of_Three_Fires_Beach,BEDFORD,4.237,13.7,8.4,10.38,1.223,0.378,0.026,0.724,0.081,7.336,9.886,1.72E+06,5.20E+04,0.00E+00,0.00E+00
3-21260001,6/5/2018,3,June,40.81961,-92.57458,Lake_Wapello,DRAKESVILLE,0.465,8.54,8.18,25.4,1.747,0.112,,0.012,0.0191,3.453,8.447,4.28E+06,3.58E+02,0.00E+00,0.00E+00
3-21670001,6/5/2018,3,June,42.29637,-95.02906,Lewis_and_Clark,ONAWA,0.517,14.8,7.84,7.646,1.286,0.347,0.077,0.016,0.0081,9.946,44.151,5.14E+06,6.93E+02,0.00E+00,0.00E+00
3-21420001,6/5/2018,3,June,42.36695,-93.07805,Lower_Pine_Lake_Beach,ELDORA,0.026,15.4,8.1,3.314,1.825,0.138,,3.775,0.1107,15.466,8.856,4.28E+06,1.30E+03,0.00E+00,0.00E+00
3-21170002,6/5/2018,3,June,43.120293,-93.458859,McIntosh_Woods_Beach,VENTURA,1.721,13,8,7.493,1.817,0.155,,0.079,0.025,14.345,10.222,3.81E+06,1.29E+05,0.00E+00,0.00E+00
3-21270001,6/5/2018,3,June,40.59674,-93.7723,Nine_Eagles_Beach,DAVIS CITY,0.181,16.6,8.9,6.608,1.714,0.172,,0.019,0.0184,1.456,3.507,6.52E+06,0.00E+00,0.00E+00,0.00E+00
3-21130002,6/5/2018,3,June,42.479711,-94.633626,North_Twin_Lake_East_Beach ,ROCKWELL CITY,0.807,13.8,8.2,7.272,1.331,0.647,0.459,0.116,0.0131,29.203,43.694,1.50E+06,3.74E+03,0.00E+00,0.00E+00
3-21130001,6/5/2018,3,June,42.47907,-94.636946,North_Twin_Lake_West_Beach ,ROCKWELL CITY,0.621,14,8.2,7.673,1.334,0.699,0.44,0.111,0.015,29.753,44.142,2.08E+06,5.51E+03,0.00E+00,0.00E+00
3-21300002,6/5/2018,3,June,43.415488,-95.164669,Pikes_Point_Beach,MILFORD,0.209,10.3,8.3,5.321,1.693,0.189,,0.028,0.0187,24.543,14.684,4.64E+06,9.73E+03,0.00E+00,0.00E+00
3-21830001,6/5/2018,3,June,41.60113,-95.22643,Prairie_Rose_Beach,HARLAN,0.184,16.3,8.4,4.679,1.319,0.403,0.009,0.036,0.0028,13.425,7.424,1.71E+06,5.34E+03,0.00E+00,0.00E+00
3-21590001,6/5/2018,3,June,41.00091,-93.272,Red_Haw_Beach,CHARITON,0.384,14.4,8.13,8.362,1.852,0.345,,0.023,0.0193,15.926,6.805,5.79E+06,6.68E+02,0.00E+00,0.00E+00
3-21500001,6/5/2018,3,June,41.73963,-92.85499,Rock_Creek_Beach,KELLOGG,0,13.4,7.9,4.492,1.814,0.274,,1.723,0.1458,14.992,13.149,8.47E+06,3.02E+03,0.00E+00,0.00E+00
3-21390001,6/5/2018,3,June,41.77603,-94.4667,Springbrook_Beach,GUTHRIE CENTER,0.221,12.9,8.1,2.86,1.302,0.366,0.033,2.875,0.0848,8.413,9.122,1.32E+06,5.79E+02,0.00E+00,0.00E+00
3-21300003,6/5/2018,3,June,42.128721,-92.72652,Triboji_Beach,MILFORD,0.146,10.3,8.3,5.634,1.839,0.154,,0.02,0.0186,24.654,14.974,3.97E+06,1.12E+03,0.00E+00,0.00E+00
3-21860001,6/5/2018,3,June,42.12505,-92.72008,Union_Grove_Beach,GLADBROOK,1.836,11.6,8.34,4.358,1.347,0.378,0.017,1.67,0.0682,14.075,12.026,9.77E+05,7.67E+03,0.00E+00,0.00E+00
3-21690001,6/5/2018,3,June,40.976,-95.02935,Viking_Lake_Beach,STANTON,0.369,10.3,8,7.253,1.24,0.4,0.081,0.039,0.0058,8.562,4.963,1.64E+06,2.49E+03,0.00E+00,0.00E+00
4-21280001,6/12/2018,4,June,42.601715,-91.534234,Backbone_Beach,DUNDEE,0.165,14.5,7.28,2.583,1.217,0.569,0.083,15.872,0.0592,19.018,21.775,4.44E+06,0.00E+00,0.00E+00,0.00E+00
4-21350001,6/12/2018,4,June,42.77043,-93.23654,Beeds_Lake,HAMPTON,0.538,15.9,8,2.619,1.559,0.334,0.402,8.581,0.084,14.674,18.249,1.08E+07,1.80E+04,0.00E+00,0.00E+00
4-21770001,6/12/2018,4,June,41.79395,-93.73185,Big_Creek_Beach,POLK CITY,0.405,15.8,8.3,3.233,1.148,0.48,-0.018,4.515,0.0884,24.422,14.683,2.65E+06,7.37E+02,0.00E+00,0.00E+00
4-21810002,6/12/2018,4,June,42.29637,-95.02906,Black_Hawk_Beach,LAKE VIEW,0.75,17.6,8.6,6.073,1.214,0.458,-0.008,0.027,0.0001,24.868,17.982,1.01E+07,4.39E+04,0.00E+00,0.00E+00
4-21940001,6/12/2018,4,June,42.38858,-93.97857,Brushy_Creek_Beach,LEHIGH,0.27,16.3,7.9,3.708,1.089,0.484,0.077,9.926,0.0871,21.219,38.866,9.59E+02,0.00E+00,0.00E+00,0.00E+00
4-21170001,6/12/2018,4,June,43.12524,-93.41469,Clear_Lake,CLEAR LAKE,1.768,11.9,8.3,6.011,1.569,0.448,5.09,-0.005,0.0051,14.9,11.838,2.19E+06,3.34E+04,0.00E+00,0.00E+00
4-21300005,6/12/2018,4,June,43.496339,-95.120872,Crandalls_Beach,MILFORD,0.153,14.1,8.3,4.894,1.618,0.334,0.646,0.083,0.0109,19.197,22.158,1.30E+05,5.51E+02,0.00E+00,0.00E+00
4-21810001,6/12/2018,4,June,42.30153,-95.036022,Denison_Beach,LAKE VIEW,2.775,17.9,8.6,6.036,1.142,0.533,-0.01,0.004,0.0051,25.697,21.871,6.13E+06,2.42E+05,0.00E+00,0.00E+00
4-21130004,6/12/2018,4,June,43.356726,-95.175393,Emerson_Bay_Beach,MILFORD,0.242,16,8.3,5.244,1.463,0.313,1.021,-0.009,0.003,25.219,16.597,4.14E+06,1.31E+03,0.00E+00,0.00E+00
4-21880001,6/12/2018,4,June,41.09832,-94.38405,Green_Valley_Beach,CRESTON,N/A,21.5,,,,,,,,,,,,,
4-21300001,6/12/2018,4,June,43.371344,-95.161174,Gull_Point_Beach,MILFORD,1.327,14.2,7.5,9.128,1.2,0.921,0.532,0.04,0.0091,9.289,11.825,8.36E+05,4.14E+03,0.00E+00,0.00E+00
4-21040001,6/12/2018,4,June,40.869963,-92.915908,Honey_Creek_Resort_Beach,MORAVIA,0.322,9.49,8.2,4.15,1.387,0.34,0.502,-0.005,0.0038,24.535,17.67,5.29E+06,2.19E+03,0.00E+00,0.00E+00
4-21890001,6/12/2018,4,June,40.7111,-91.96997,Lacey_Keosauqua_Beach,KEOSAUQUA,0.207,13.8,8.9,5.119,1.802,0.369,7.306,0.048,0.036,10.869,33.165,2.10E+03,0.00E+00,0.00E+00,0.00E+00
4-21910001,6/12/2018,4,June,41.29261,-93.59564,Lake_Ahquabi_Beach,INDIANOLA,0.157,12.4,7.71,6.713,1.64,0.294,0.784,0,0.0022,2.473,43.475,0.00E+00,0.00E+00,0.00E+00,0.00E+00
4-21150001,6/12/2018,4,June,41.42801,-94.78194,Lake_Anita_Beach,ANITA,0.303,8.97,9,6.495,1.518,0.477,0.691,0.012,0.0079,10.571,12.461,0.00E+00,0.00E+00,0.00E+00,0.00E+00
4-21920001,6/12/2018,4,June,41.2015,-91.90524,Lake_Darling_Beach,BRIGHTON,0.455,12.5,8.4,4.994,1.144,0.492,-0.002,0.011,0.003,10.47,8.988,1.44E+06,3.11E+03,0.00E+00,0.00E+00
4-21620001,6/12/2018,4,June,41.29514,-92.53733,Lake_Keomah_Beach,OSKALOOSA,5.195,14.1,8.31,6.845,1.685,0.415,0.759,1.306,0.0746,20.806,10.601,2.51E+06,4.75E+04,0.00E+00,0.00E+00
4-21520001,6/12/2018,4,June,41.7935,-91.57311,Lake_Macbride_Beach,SOLON,0.347,12,8.63,6.349,1.354,0.423,0.621,0.004,0.0028,20.992,26.53,3.10E+06,3.48E+03,0.00E+00,0.00E+00
4-21780001,6/12/2018,4,June,41.20518,-95.85738,Lake_Manawa_Beach,COUNCIL BLUFFS,13.64,19.9,8.38,5.833,1.118,0.633,0.006,0.047,0.0096,33.007,14.796,5.10E+06,2.06E+05,0.00E+00,0.00E+00
4-21870001,6/12/2018,4,June,40.70991,-94.68961,Lake_of_Three_Fires_Beach,BEDFORD,0.438,13.4,8.7,3.699,1.191,0.509,0.061,0.019,0.007,29.309,22.371,5.93E+06,1.96E+04,0.00E+00,0.00E+00
4-21260001,6/12/2018,4,June,40.81961,-92.57458,Lake_Wapello,DRAKESVILLE,11.04,10.3,8.6,9.265,1.224,0.509,-0.018,0.316,0.0488,7.698,9.8,1.16E+06,1.52E+04,0.00E+00,0.00E+00
4-21670001,6/12/2018,4,June,42.29637,-95.02906,Lewis_and_Clark,ONAWA,0.27,15.4,7.76,6.356,1.419,0.372,1.172,-0.008,0.0032,3.766,9.294,4.90E+06,1.68E+03,0.00E+00,0.00E+00
4-21420001,6/12/2018,4,June,42.36695,-93.07805,Lower_Pine_Lake_Beach,ELDORA,0.095,15.4,8.7,6.485,1.171,0.596,0.076,0.033,0.0098,9.744,59.763,3.22E+06,8.83E+02,0.00E+00,0.00E+00
4-21170002,6/12/2018,4,June,43.120293,-93.458859,McIntosh_Woods_Beach,VENTURA,0.03,14.6,8.7,2.978,1.468,0.332,0.568,3.128,0.1097,15.635,10.041,5.10E+06,3.30E+03,0.00E+00,0.00E+00
4-21270001,6/12/2018,4,June,40.59674,-93.7723,Nine_Eagles_Beach,DAVIS CITY,4.485,16.2,8.3,6.832,1.459,0.409,1.147,0.144,0.0184,14.412,10.613,1.73E+06,8.39E+04,0.00E+00,0.00E+00
4-21130002,6/12/2018,4,June,42.479711,-94.633626,North_Twin_Lake_East_Beach ,ROCKWELL CITY,0.093,12.7,9.13,13.76,1.387,0.327,1.12,-0.008,0.0026,1.671,4.023,4.35E+06,1.86E+03,0.00E+00,0.00E+00
4-21130001,6/12/2018,4,June,42.47907,-94.636946,North_Twin_Lake_West_Beach ,ROCKWELL CITY,1.538,12.6,8.1,5.81,1.111,0.666,0.366,0.081,0.0144,28.057,52.164,2.89E+06,3.36E+04,0.00E+00,0.00E+00
4-21300002,6/12/2018,4,June,43.415488,-95.164669,Pikes_Point_Beach,MILFORD,0.587,13.3,8.3,5.796,1.134,0.779,0.238,0.088,0.0179,28.455,51.973,2.09E+06,1.47E+04,0.00E+00,0.00E+00
4-21830001,6/12/2018,4,June,41.60113,-95.22643,Prairie_Rose_Beach,HARLAN,0.17,14,8.3,4.864,1.445,0.497,1.044,0.008,0.0052,25.317,16.713,3.19E+02,0.00E+00,0.00E+00,0.00E+00
4-21590001,6/12/2018,4,June,41.00091,-93.272,Red_Haw_Beach,CHARITON,0.097,11.9,8.9,4.101,1.165,0.468,0.001,0.081,0.01,13.23,9.868,2.56E+06,2.77E+03,0.00E+00,0.00E+00
4-21500001,6/12/2018,4,June,41.73963,-92.85499,Rock_Creek_Beach,KELLOGG,0.145,13.6,8.9,7.151,1.422,0.486,0.548,0.008,0.005,5.798,8.754,1.18E+06,2.86E+02,0.00E+00,0.00E+00
4-21390001,6/12/2018,4,June,41.77603,-94.4667,Springbrook_Beach,GUTHRIE CENTER,0,12.8,8.1,3.718,1.587,0.45,0.728,1.527,0.1331,15.422,14.825,5.39E+06,2.86E+03,0.00E+00,0.00E+00
4-21300003,6/12/2018,4,June,42.128721,-92.72652,Triboji_Beach,MILFORD,0,14,8.8,2.515,1.094,0.621,0.077,2.202,0.0766,8.362,10.723,1.08E+07,4.89E+03,0.00E+00,0.00E+00
4-21860001,6/12/2018,4,June,42.12505,-92.72008,Union_Grove_Beach,GLADBROOK,0.025,14,8.3,5,1.497,0.413,0.47,0.043,0.0031,24.762,17.34,0.00E+00,0.00E+00,0.00E+00,0.00E+00
4-21690001,6/12/2018,4,June,40.976,-95.02935,Viking_Lake_Beach,STANTON,0.117,12.1,7.92,4.481,1.183,0.56,0.017,1.555,0.0712,14.373,15.358,2.16E+06,9.19E+03,0.00E+00,0.00E+00
5-21280001,6/19/2018,5,June,42.601715,-91.534234,Backbone_Beach,DUNDEE,0.46,13.7,8.4,6.215,1.123,0.539,0.012,0.024,0.0032,8.407,5.751,4.14E+06,2.09E+04,0.00E+00,2.00E+04
5-21350001,6/19/2018,5,June,42.77043,-93.23654,Beeds_Lake,HAMPTON,0.108,15.1,7.7,3.105,1.113,0.416,0.1,9.143,0.0755,13.422,17.806,9.27E+06,1.96E+03,0.00E+00,0.00E+00
5-21770001,6/19/2018,5,June,41.79395,-93.73185,Big_Creek_Beach,POLK CITY,0.185,12.3,8.2,2.883,1.031,0.435,0.001,4.965,0.0804,18.407,12.78,5.36E+06,0.00E+00,0.00E+00,0.00E+00
5-21810002,6/19/2018,5,June,42.29637,-95.02906,Black_Hawk_Beach,LAKE VIEW,0.35,14.6,8.13,5.706,0.973,0.383,-0.031,0.065,0.0049,24.487,14.977,3.17E+06,2.70E+04,0.00E+00,0.00E+00
5-21940001,6/19/2018,5,June,42.38858,-93.97857,Brushy_Creek_Beach,LEHIGH,0.032,15.2,7.66,3.366,1,0.502,0.039,9.003,0.0933,16.988,15.919,6.88E+06,7.89E+03,0.00E+00,0.00E+00
5-21170001,6/19/2018,5,June,43.12524,-93.41469,Clear_Lake,CLEAR LAKE,0.835,12.1,8.1,5.379,1.003,0.529,-0.016,0.004,0.006,14.156,8.172,5.02E+06,4.08E+04,0.00E+00,0.00E+00
5-21300005,6/19/2018,5,June,43.496339,-95.120872,Crandalls_Beach,MILFORD,0.582,13.5,7.96,5.125,1.043,0.334,0.07,0.073,0.0107,18.388,18.213,2.51E+06,3.34E+04,0.00E+00,0.00E+00
5-21810001,6/19/2018,5,June,42.30153,-95.036022,Denison_Beach,LAKE VIEW,1.055,13.3,7.99,5.62,1.042,0.461,-0.003,0.068,0.0099,25.232,19.548,5.12E+06,4.84E+04,0.00E+00,0.00E+00
5-21300004,6/19/2018,5,June,43.356726,-95.175393,Emerson_Bay_Beach,MILFORD,0.23,14.8,7.95,5.266,0.943,0.522,-0.001,0.005,0.0047,24.814,17.29,7.04E+06,1.15E+04,0.00E+00,0.00E+00
5-21070001,6/19/2018,5,June,42.53497,-92.40055,George_Wyth_Beach,WATERLOO,0.188,17.6,9,4.221,1.278,0.45,-0.015,0.034,0.0031,53.962,16.833,1.62E+06,5.47E+03,0.00E+00,0.00E+00
5-21880001,6/19/2018,5,June,41.09832,-94.38405,Green_Valley_Beach,CRESTON,11.41,14.1,8.3,8.241,1.003,0.605,0.134,0.145,0.0216,9.303,10.493,3.88E+06,1.89E+05,0.00E+00,0.00E+00
5-21300001,6/19/2018,5,June,43.371344,-95.161174,Gull_Point_Beach,MILFORD,0.108,21.7,7.78,5.472,1.048,0.494,0.011,-0.002,0.0039,23.722,13.248,4.28E+06,0.00E+00,0.00E+00,0.00E+00
5-21040001,6/19/2018,5,June,40.869963,-92.915908,Honey_Creek_Resort_Beach,MORAVIA,0.39,8.8,8.2,4.93,0.985,0.582,0.015,0.062,0.0214,10.128,24.584,7.22E+06,5.86E+03,0.00E+00,0.00E+00
5-21890001,6/19/2018,5,June,40.7111,-91.96997,Lacey_Keosauqua_Beach,KEOSAUQUA,0.92,12.9,8.8,6.541,0.996,0.384,-0.02,0.025,0.0031,2.64,40.468,7.30E+06,3.23E+03,0.00E+00,0.00E+00
5-21910001,6/19/2018,5,June,41.29261,-93.59564,Lake_Ahquabi_Beach,INDIANOLA,0.305,12.8,8.5,6.869,1.071,0.376,0.004,0.021,0.0094,10.269,10.308,1.61E+06,7.49E+02,0.00E+00,0.00E+00
5-21150001,6/19/2018,5,June,41.42801,-94.78194,Lake_Anita_Beach,ANITA,0.84,9.64,8.2,4.653,0.957,0.489,0,0.028,0.007,10.437,8.572,1.77E+06,5.24E+03,0.00E+00,0.00E+00
5-21920001,6/19/2018,5,June,41.2015,-91.90524,Lake_Darling_Beach,BRIGHTON,1.24,9.89,9,6.517,0.989,0.528,-0.01,0.665,0.0609,19.821,10.767,1.76E+06,2.41E+04,0.00E+00,0.00E+00
5-21620001,6/19/2018,5,June,41.29514,-92.53733,Lake_Keomah_Beach,OSKALOOSA,0.582,11,9.1,5.988,0.988,0.441,-0.011,0.024,0.0046,19.214,20.542,5.89E+06,2.12E+04,0.00E+00,0.00E+00
5-21520001,6/19/2018,5,June,41.7935,-91.57311,Lake_Macbride_Beach,SOLON,1.297,11.9,9,4.754,1.007,0.367,-0.008,0.051,0.0042,32.391,12.111,0.00E+00,0.00E+00,0.00E+00,0.00E+00
5-21780001,6/19/2018,5,June,41.20518,-95.85738,Lake_Manawa_Beach,COUNCIL BLUFFS,0.475,14.1,7.7,3.387,1.01,0.531,-0.015,0.076,0.0115,28.133,20.138,5.83E+06,1.73E+04,0.00E+00,0.00E+00
5-21870001,6/19/2018,5,June,40.70991,-94.68961,Lake_of_Three_Fires_Beach,BEDFORD,16.987,9.5,9,9.001,1.056,0.583,-0.003,0.058,0.0065,7.706,11.879,7.57E+05,1.68E+04,0.00E+00,0.00E+00
5-21260001,6/19/2018,5,June,40.81961,-92.57458,Lake_Wapello,DRAKESVILLE,0.42,9.94,9,23.19,1.011,0.548,0.016,0.038,0.0012,3.275,8.645,6.49E+06,1.42E+03,0.00E+00,0.00E+00
5-21670001,6/19/2018,5,June,42.29637,-95.02906,Lewis_and_Clark,ONAWA,0.36,14.8,8,6.19,0.949,0.458,-0.006,0.1,0.0081,9.896,66.583,3.49E+06,4.56E+02,0.00E+00,0.00E+00
5-21420001,6/19/2018,5,June,42.36695,-93.07805,Lower_Pine_Lake_Beach,ELDORA,0.897,17.4,8.3,2.927,0.988,0.434,0.033,2.447,0.1463,15.485,11.957,2.74E+06,3.58E+03,0.00E+00,0.00E+00
5-21170002,6/19/2018,5,June,43.120293,-93.458859,McIntosh_Woods_Beach,VENTURA,7.36,14.5,8,6.629,1.003,0.433,0.031,0.01,0.0074,13.272,8.599,3.33E+06,1.75E+05,0.00E+00,0.00E+00
5-21270001,6/19/2018,5,June,40.59674,-93.7723,Nine_Eagles_Beach,DAVIS CITY,0.287,13.1,8.3,5.458,1.007,0.364,-0.003,-0.008,0.0045,1.221,3.8,3.15E+06,2.32E+03,0.00E+00,0.00E+00
5-21130002,6/19/2018,5,June,42.479711,-94.633626,North_Twin_Lake_East_Beach ,ROCKWELL CITY,1.84,13.5,7.81,5.3,0.992,0.672,0.237,0.321,0.0252,26.296,59.688,2.18E+06,1.49E+04,0.00E+00,0.00E+00
5-21130001,6/19/2018,5,June,42.47907,-94.636946,North_Twin_Lake_West_Beach ,ROCKWELL CITY,1.6,13.8,7.08,5.185,0.953,0.661,0.257,0.338,0.0245,26.071,51.598,2.57E+06,1.32E+04,0.00E+00,0.00E+00
5-21300002,6/19/2018,5,June,43.415488,-95.164669,Pikes_Point_Beach,MILFORD,0.315,12.8,7.98,4.796,0.992,0.467,0.018,0.011,0.0051,24.372,14.795,5.59E+06,8.43E+02,0.00E+00,0.00E+00
5-21830001,6/19/2018,5,June,41.60113,-95.22643,Prairie_Rose_Beach,HARLAN,0.493,10.7,8.5,4.008,0.977,0.586,-0.017,0.072,0.0091,13.029,12.154,8.80E+04,0.00E+00,0.00E+00,0.00E+00
5-21590001,6/19/2018,5,June,41.00091,-93.272,Red_Haw_Beach,CHARITON,1.222,9.9,8,6.925,1.008,0.28,-0.01,0.014,0.0054,5.675,6.62,3.01E+06,7.99E+02,0.00E+00,0.00E+00
5-21500001,6/19/2018,5,June,41.73963,-92.85499,Rock_Creek_Beach,KELLOGG,0.423,12.3,8.3,3.312,1.15,0.485,0.051,1.913,0.1096,14.647,12.857,6.27E+06,5.80E+03,0.00E+00,0.00E+00
5-21390001,6/19/2018,5,June,41.77603,-94.4667,Springbrook_Beach,GUTHRIE CENTER,0.26,15.3,8.1,2.595,0.945,0.475,0.035,2.787,0.0941,8.227,11.362,0.00E+00,0.00E+00,0.00E+00,0.00E+00
5-21300003,6/19/2018,5,June,42.128721,-92.72652,Triboji_Beach,MILFORD,0.98,13.8,7.94,5.034,0.964,0.328,-0.016,-0.003,0.004,24.705,14.273,6.75E+06,1.88E+03,0.00E+00,0.00E+00
5-21860001,6/19/2018,5,June,42.12505,-92.72008,Union_Grove_Beach,GLADBROOK,0.913,12.6,8.8,3.304,0.994,0.468,0.448,1.429,0.1015,13.745,7.155,5.13E+06,1.05E+05,0.00E+00,0.00E+00
5-21690001,6/19/2018,5,June,40.976,-95.02935,Viking_Lake_Beach,STANTON,1.535,9.42,8.4,5.836,0.978,0.473,-0.026,0.312,0.0005,8.264,4.967,2.93E+06,1.59E+04,0.00E+00,1.30E+04
6-21280001,6/26/2018,6,June,42.601715,-91.534234,Backbone_Beach,DUNDEE,0.13,13.7,7.7,1.55,1.246,0.348,0.057,15.376,0.1296,8.366,20.094,4.96E+06,3.17E+04,0.00E+00,5.13E+04
6-21350001,6/26/2018,6,June,42.77043,-93.23654,Beeds_Lake,HAMPTON,0,14.7,8.7,2.254,1.181,0.335,0.0691,9.978,0.0535,14.507,14.699,8.08E+06,9.36E+03,0.00E+00,0.00E+00
6-21770001,6/26/2018,6,June,41.79395,-93.73185,Big_Creek_Beach,POLK CITY,0.003,13.1,8.4,3.184,1.156,0.347,0.0802,5.196,0.0738,15.546,11.196,4.37E+06,4.95E+02,0.00E+00,0.00E+00
6-21810002,6/26/2018,6,June,42.29637,-95.02906,Black_Hawk_Beach,LAKE VIEW,0.907,13.5,8.35,5.166,1.177,0.316,0.0298,0.407,0.035,23.328,12.099,3.89E+06,4.64E+04,0.00E+00,0.00E+00
6-21940001,6/26/2018,6,June,42.38858,-93.97857,Brushy_Creek_Beach,LEHIGH,0.183,14,7.27,3.548,1.336,0.392,0.0502,7.787,0.0403,2.792,13.207,4.22E+06,1.57E+03,0.00E+00,0.00E+00
6-21170001,6/26/2018,6,June,43.12524,-93.41469,Clear_Lake,CLEAR LAKE,1.442,11,9.1,2.523,1.189,0.267,0.0485,0.09,0.0091,14.843,10.006,1.93E+06,4.10E+03,0.00E+00,0.00E+00
6-21300005,6/26/2018,6,June,43.496339,-95.120872,Crandalls_Beach,MILFORD,0.803,13.4,8.55,4.328,1.188,0.283,0.0837,0.155,0.0185,18.263,17.34,2.79E+06,2.25E+04,0.00E+00,0.00E+00
6-21810001,6/26/2018,6,June,42.30153,-95.036022,Denison_Beach,LAKE VIEW,0.685,15.2,8.3,6.617,1.182,0.363,0.0678,2.018,0.1062,21.088,16.19,2.24E+06,8.99E+03,0.00E+00,0.00E+00
6-21300004,6/26/2018,6,June,43.356726,-95.175393,Emerson_Bay_Beach,MILFORD,0.407,15.8,7.94,4.612,1.203,0.274,0.1299,0.004,0.005,22.899,13.301,6.17E+06,4.03E+03,0.00E+00,0.00E+00
6-21070001,6/26/2018,6,June,42.53497,-92.40055,George_Wyth_Beach,WATERLOO,0.835,18.7,7.9,4.22,1.549,0.367,0.1571,0.117,0.0102,52.771,14.86,6.20E+06,2.78E+04,0.00E+00,0.00E+00
6-21880001,6/26/2018,6,June,41.09832,-94.38405,Green_Valley_Beach,CRESTON,4.98,11.4,8.4,7.06,1.21,0.489,0.0304,0.117,0.0202,9.246,9.74,3.02E+06,1.13E+05,0.00E+00,0.00E+00
6-21300001,6/26/2018,6,June,43.371344,-95.161174,Gull_Point_Beach,MILFORD,0.298,12.4,8.24,4.358,1.101,0.288,0.0515,0.013,0.0061,24.081,13.054,5.94E+06,1.28E+04,0.00E+00,0.00E+00
6-21040001,6/26/2018,6,June,40.869963,-92.915908,Honey_Creek_Resort_Beach,MORAVIA,0.587,7.9,8.3,4.696,1.133,0.285,0.1313,-0.007,0.0088,10.039,17.959,9.92E+06,1.09E+04,0.00E+00,0.00E+00
6-21890001,6/26/2018,6,June,40.7111,-91.96997,Lacey_Keosauqua_Beach,KEOSAUQUA,0.663,11.8,7.8,6.232,1.129,0.34,0.1346,-0.002,0.0027,2.478,41.473,3.54E+06,2.35E+03,0.00E+00,0.00E+00
6-21910001,6/26/2018,6,June,41.29261,-93.59564,Lake_Ahquabi_Beach,INDIANOLA,0.72,12.7,8.2,6.377,1.225,0.408,0.2014,0.002,0.0088,10.092,8.152,1.76E+06,3.10E+02,0.00E+00,0.00E+00
6-21150001,6/26/2018,6,June,41.42801,-94.78194,Lake_Anita_Beach,ANITA,1.26,9.03,8.9,4.413,1.261,0.374,0.205,0.064,0.043,19.205,6.566,5.54E+06,1.15E+03,0.00E+00,0.00E+00
6-21920001,6/26/2018,6,June,41.2015,-91.90524,Lake_Darling_Beach,BRIGHTON,0.715,7.67,8.5,6.129,1.408,0.419,0.2153,0.484,0.056,19.285,11.534,2.39E+06,2.07E+04,0.00E+00,0.00E+00
6-21620001,6/26/2018,6,June,41.29514,-92.53733,Lake_Keomah_Beach,OSKALOOSA,1.043,9.8,9.1,5.542,1.197,0.436,0.0673,0.005,0.0061,19.376,19.303,1.56E+06,4.92E+03,0.00E+00,0.00E+00
6-21520001,6/26/2018,6,June,41.7935,-91.57311,Lake_Macbride_Beach,SOLON,0.768,10.1,8.8,4.01,1.155,0.434,0.0832,0.085,0.0028,2.627,10.817,6.20E+06,1.52E+04,0.00E+00,0.00E+00
6-21780001,6/26/2018,6,June,41.20518,-95.85738,Lake_Manawa_Beach,COUNCIL BLUFFS,0.83,13.7,8.2,3.202,1.114,0.205,0.0419,0.081,0.0118,27.543,18.111,5.57E+06,2.91E+04,0.00E+00,0.00E+00
6-21870001,6/26/2018,6,June,40.70991,-94.68961,Lake_of_Three_Fires_Beach,BEDFORD,8.375,9.65,8.5,7.973,1.288,0.283,0.0691,0.091,0.0081,7.961,8.564,1.97E+06,4.25E+04,0.00E+00,0.00E+00
6-21260001,6/26/2018,6,June,40.81961,-92.57458,Lake_Wapello,DRAKESVILLE,0.522,9.24,8,20.87,1.176,0.372,0.1335,-0.019,0.0038,3.183,7.001,6.10E+06,5.41E+03,0.00E+00,0.00E+00
6-21670001,6/26/2018,6,June,42.29637,-95.02906,Lewis_and_Clark,ONAWA,0.587,16.6,8.3,5.754,1.082,0.388,0.0812,0.068,0.0121,9.16,63.77,3.06E+06,5.03E+02,0.00E+00,0.00E+00
6-21420001,6/26/2018,6,June,42.36695,-93.07805,Lower_Pine_Lake_Beach,ELDORA,0.575,17.9,8,2.61,1.352,0.454,0.0412,1.886,0.1344,15.211,8.796,1.88E+06,2.73E+03,0.00E+00,0.00E+00
6-21170002,6/26/2018,6,June,43.120293,-93.458859,McIntosh_Woods_Beach,VENTURA,14.993,12.4,,5.814,1.159,0.406,0.0535,-0.009,0.0053,13.33,10.302,2.51E+06,1.83E+05,0.00E+00,0.00E+00
6-21270001,6/26/2018,6,June,40.59674,-93.7723,Nine_Eagles_Beach,DAVIS CITY,0.59,10.5,8.5,5.148,1.215,0.261,0.0661,-0.013,0.0027,1.061,3.208,6.90E+06,0.00E+00,0.00E+00,0.00E+00
6-21130002,6/26/2018,6,June,42.479711,-94.633626,North_Twin_Lake_East_Beach ,ROCKWELL CITY,1.415,13.7,8.03,4.145,1.259,0.438,0.0759,0.419,0.0076,10.56,50.134,1.63E+06,1.05E+04,0.00E+00,0.00E+00
6-21130001,6/26/2018,6,June,42.47907,-94.636946,North_Twin_Lake_West_Beach ,ROCKWELL CITY,1.725,13.1,8.35,4.848,1.257,0.468,0.0513,0.341,0.0277,25.478,49.986,3.26E+06,1.86E+04,0.00E+00,0.00E+00
6-21300002,6/26/2018,6,June,43.415488,-95.164669,Pikes_Point_Beach,MILFORD,0.65,12.4,8.31,4.306,1.306,0.399,0.2713,0.054,0.0053,24.079,13.357,5.13E+06,3.19E+04,0.00E+00,0.00E+00
6-21830001,6/26/2018,6,June,41.60113,-95.22643,Prairie_Rose_Beach,HARLAN,0.375,10.6,8.4,3.867,1.074,0.397,0.0571,0.19,0.0264,12.898,6.61,2.12E+06,5.49E+03,0.00E+00,0.00E+00
6-21590001,6/26/2018,6,June,41.00091,-93.272,Red_Haw_Beach,CHARITON,0.817,6.81,7.9,6.597,1.263,0.362,0.0914,0.001,0.0054,5.721,5.942,1.39E+06,3.36E+02,0.00E+00,0.00E+00
6-21500001,6/26/2018,6,June,41.73963,-92.85499,Rock_Creek_Beach,KELLOGG,0.66,13.1,8.4,3.064,1.233,0.374,0.0522,2.63,0.1135,13.968,14.049,8.28E+06,5.89E+03,0.00E+00,0.00E+00
6-21390001,6/26/2018,6,June,41.77603,-94.4667,Springbrook_Beach,GUTHRIE CENTER,0.87,14.7,8.4,3.378,1.22,0.426,0.0789,4.58,0.0073,31.316,10.706,5.76E+06,1.52E+03,0.00E+00,0.00E+00
6-21300003,6/26/2018,6,June,42.128721,-92.72652,Triboji_Beach,MILFORD,0.558,12.6,8.08,4.209,1.259,0.331,0.0549,0.111,0.0117,23.336,12.718,7.42E+06,4.10E+03,0.00E+00,0.00E+00
6-21860001,6/26/2018,6,June,42.12505,-92.72008,Union_Grove_Beach,GLADBROOK,0.865,13.5,7.8,3.313,1.234,0.537,0.0753,1.471,0.1146,13.483,6.493,3.33E+06,4.46E+04,0.00E+00,0.00E+00
6-21690001,6/26/2018,6,June,40.976,-95.02935,Viking_Lake_Beach,STANTON,2.45,10.4,8.6,5.754,1.125,0.281,0.1212,0.054,0.0053,8.431,4.574,3.86E+06,1.44E+04,0.00E+00,2.41E+04
7-21280001,7/3/2018,7,July,42.601715,-91.534234,Backbone_Beach,DUNDEE,0.205,14.1,7.9,2.18,1.119,0.437,0.1216,10.931,0.0426,17.63,22.616,6.09E+06,0.00E+00,0.00E+00,0.00E+00
7-21350001,7/3/2018,7,July,42.77043,-93.23654,Beeds_Lake,HAMPTON,0.31,13,7.8,2.736,1.111,0.503,0.0396,10.749,0.05,14.723,14.865,8.41E+06,4.62E+02,0.00E+00,0.00E+00
7-21770001,7/3/2018,7,July,41.79395,-93.73185,Big_Creek_Beach,POLK CITY,0,9.33,8.4,3.869,1.236,0.423,0.1796,4.405,0.0774,11.914,13.847,0.00E+00,0.00E+00,0.00E+00,0.00E+00
7-21810002,7/3/2018,7,July,42.29637,-95.02906,Black_Hawk_Beach,LAKE VIEW,0.41,9.38,8.8,5.97,1.082,0.622,0.0485,0.528,0.09,19.697,14.038,3.59E+06,2.01E+04,0.00E+00,0.00E+00
7-21940001,7/3/2018,7,July,42.38858,-93.97857,Brushy_Creek_Beach,LEHIGH,0.2,9.82,8.2,4.503,1.195,0.387,1.4224,7.052,0.0736,9.858,12.789,1.15E+06,0.00E+00,0.00E+00,0.00E+00
7-21170001,7/3/2018,7,July,43.12524,-93.41469,Clear_Lake,CLEAR LAKE,1.403,8.15,8.3,7.009,1.03,0.614,0.0353,0.032,0.0067,13.5,10.417,3.74E+06,2.84E+04,0.00E+00,0.00E+00
7-21300005,7/3/2018,7,July,43.496339,-95.120872,Crandalls_Beach,MILFORD,1.692,10.5,8.4,6.506,1.099,0.498,0.0273,0.056,0.0114,15.749,16.222,1.96E+06,2.23E+04,0.00E+00,0.00E+00
7-21810001,7/3/2018,7,July,42.30153,-95.036022,Denison_Beach,LAKE VIEW,0.24,11.2,8.6,6.667,1.025,0.577,0.0464,2.548,0.1759,14.783,17.269,2.24E+06,1.28E+04,0.00E+00,0.00E+00
7-21300004,7/3/2018,7,July,43.356726,-95.175393,Emerson_Bay_Beach,MILFORD,0.153,10.8,8.3,29.78,1.147,0.465,0.0303,0.013,0.0034,22.678,12.906,8.50E+06,5.57E+03,0.00E+00,0.00E+00
7-21070001,7/3/2018,7,July,42.53497,-92.40055,George_Wyth_Beach,WATERLOO,0.338,9.42,8.4,4.796,1.175,0.419,0.0321,-0.003,0.0047,52.522,13.01,2.09E+06,9.06E+03,0.00E+00,1.43E+04
7-21880001,7/3/2018,7,July,41.09832,-94.38405,Green_Valley_Beach,CRESTON,30.37,9.8,8.5,8.982,1.139,0.52,1.002,0.05,0.0154,7.387,17.497,3.65E+06,3.24E+05,0.00E+00,0.00E+00
7-21880001,7/3/2018,7,July,41.09832,-94.38405,Green_Valley_Beach,CRESTON,0,9.03,,,,,,,,,,,,,
7-21300001,7/3/2018,7,July,43.371344,-95.161174,Gull_Point_Beach,MILFORD,0.007,10.4,8.4,5.656,1.104,0.325,0.031,0.044,0.0046,23.419,13.735,6.43E+06,1.18E+04,0.00E+00,0.00E+00
7-21040001,7/3/2018,7,July,40.869963,-92.915908,Honey_Creek_Resort_Beach,MORAVIA,0.22,5.44,8.38,5.328,1.075,0.509,0.0357,0.019,0.0066,9.008,18.421,6.37E+06,1.40E+04,0.00E+00,0.00E+00
7-21890001,7/3/2018,7,July,40.7111,-91.96997,Lacey_Keosauqua_Beach,KEOSAUQUA,0.063,6.43,8.1,6.987,1.129,0.574,0.0819,0.044,0.0088,18.012,22.752,2.99E+06,2.05E+03,0.00E+00,0.00E+00
7-21910001,7/3/2018,7,July,41.29261,-93.59564,Lake_Ahquabi_Beach,INDIANOLA,0.275,10.6,8.72,7.652,1.062,0.514,0.0778,0.028,0.0074,9.147,7.423,1.51E+06,8.05E+02,0.00E+00,0.00E+00
7-21150001,7/3/2018,7,July,41.42801,-94.78194,Lake_Anita_Beach,ANITA,2.13,8.29,8.4,5.423,3.778,0.477,0.0282,0.031,0.0048,8.448,7.541,2.62E+06,1.53E+04,0.00E+00,4.90E+04
7-21920001,7/3/2018,7,July,41.2015,-91.90524,Lake_Darling_Beach,BRIGHTON,0.245,6.89,9.2,7.835,1.178,0.5005,0.1622,0.042,0.0084,18.667,11.667,1.65E+06,4.69E+03,0.00E+00,0.00E+00
7-21620001,7/3/2018,7,July,41.29514,-92.53733,Lake_Keomah_Beach,OSKALOOSA,0.287,11.1,9.1,7.525,1.103,0.478,0.0303,0.037,0.0034,2.157,42.457,1.19E+06,3.73E+03,0.00E+00,0.00E+00
7-21520001,7/3/2018,7,July,41.7935,-91.57311,Lake_Macbride_Beach,SOLON,0,6.54,8.8,4.618,1.093,0.537,0.2199,0.008,0.0074,30.536,11.845,3.63E+06,1.47E+03,0.00E+00,0.00E+00
7-21520001,7/3/2018,7,July,41.7935,-91.57311,Lake_Macbride_Beach,SOLON,0,6.99,,,,,,,,,,,,,
7-21780001,7/3/2018,7,July,41.20518,-95.85738,Lake_Manawa_Beach,COUNCIL BLUFFS,0,10.4,8.18,3.874,1.123,0.5,0.0711,0.043,0.0113,26.708,21.425,7.32E+06,2.64E+04,0.00E+00,0.00E+00
7-21780001,7/3/2018,7,July,41.20518,-95.85738,Lake_Manawa_Beach,COUNCIL BLUFFS,0,10.4,,,,,,,,,,,,,
7-21870001,7/3/2018,7,July,40.70991,-94.68961,Lake_of_Three_Fires_Beach,BEDFORD,2.443,5.14,8.8,9.221,1.133,0.552,0.0237,0.041,0.0061,5.143,9.954,1.43E+06,7.46E+03,0.00E+00,0.00E+00
7-21260001,7/3/2018,7,July,40.81961,-92.57458,Lake_Wapello,DRAKESVILLE,0.127,6.31,8.2,7.422,1.106,0.377,0.0271,0.004,0.0026,2.51,6.248,1.47E+06,4.26E+02,0.00E+00,0.00E+00
7-21670001,7/3/2018,7,July,42.29637,-95.02906,Lewis_and_Clark,ONAWA,0.32,11.6,8.48,7.003,1.097,0.421,0.0381,0.024,0.0122,7.546,54.673,4.07E+06,7.80E+02,0.00E+00,0.00E+00
7-21420001,7/3/2018,7,July,42.36695,-93.07805,Lower_Pine_Lake_Beach,ELDORA,0,13.6,8.5,3.326,1.161,0.482,0.0312,2.095,0.1013,14.003,8.609,5.12E+05,1.04E+03,0.00E+00,0.00E+00
7-21170002,7/3/2018,7,July,43.120293,-93.458859,McIntosh_Woods_Beach,VENTURA,4.725,9.42,8.7,7.676,1.17,0.56,0.0295,0.008,0.0057,12.633,9.723,1.60E+06,3.75E+04,0.00E+00,0.00E+00
7-21270001,7/3/2018,7,July,40.59674,-93.7723,Nine_Eagles_Beach,DAVIS CITY,0.512,7.85,8.72,6.345,1.239,0.506,0.0272,0.001,0.0033,0.809,2.13,2.18E+06,0.00E+00,0.00E+00,0.00E+00
7-21130002,7/3/2018,7,July,42.479711,-94.633626,North_Twin_Lake_East_Beach ,ROCKWELL CITY,1.51,11.5,8.3,6.015,1.047,0.56,0.0536,0.251,0.0296,24.655,51.106,1.36E+06,4.97E+03,0.00E+00,0.00E+00
7-21130001,7/3/2018,7,July,42.47907,-94.636946,North_Twin_Lake_West_Beach ,ROCKWELL CITY,1.43,10.7,8.4,5.98,1.159,0.466,0.0579,0.204,0.0271,25.087,55.973,1.31E+06,4.35E+03,0.00E+00,0.00E+00
7-21300002,7/3/2018,7,July,43.415488,-95.164669,Pikes_Point_Beach,MILFORD,0,10.6,8.2,5.936,1.162,0.52,0.036,0.07,0.0065,22.51,12.602,3.85E+06,1.21E+04,0.00E+00,0.00E+00
7-21300002,7/3/2018,7,July,43.415488,-95.164669,Pikes_Point_Beach,MILFORD,0,10.6,,,,,,,,,,,,,
7-21830001,7/3/2018,7,July,41.60113,-95.22643,Prairie_Rose_Beach,HARLAN,0,9.57,8.72,4.58,1.193,0.59,0.0409,0.093,0.0227,10.403,7.221,2.94E+06,1.61E+04,0.00E+00,0.00E+00
7-21590001,7/3/2018,7,July,41.00091,-93.272,Red_Haw_Beach,CHARITON,0.278,5.49,7.82,7.465,1.087,0.396,0.0318,0.049,0.0037,4.908,5.176,1.03E+06,0.00E+00,0.00E+00,0.00E+00
7-21500001,7/3/2018,7,July,41.73963,-92.85499,Rock_Creek_Beach,KELLOGG,0.162,9.56,8.2,3.774,1.122,0.437,0.0431,3.403,0.1034,12.671,12.645,3.42E+06,3.85E+03,0.00E+00,0.00E+00
7-21390001,7/3/2018,7,July,41.77603,-94.4667,Springbrook_Beach,GUTHRIE CENTER,0.032,13.5,8.5,3.629,1.149,0.54,1.3992,4.687,0.1169,6.875,9.788,2.23E+06,4.95E+02,0.00E+00,0.00E+00
7-21300003,7/3/2018,7,July,42.128721,-92.72652,Triboji_Beach,MILFORD,0,11.2,8.1,5.773,1.264,0.593,0.0434,0.477,0.0297,22.382,12.024,5.89E+06,8.55E+03,0.00E+00,0.00E+00
7-21860001,7/3/2018,7,July,42.12505,-92.72008,Union_Grove_Beach,GLADBROOK,0.445,9.63,8.5,4.082,1.164,0.512,0.1551,1.494,0.092,11.341,8.049,1.79E+06,1.03E+04,0.00E+00,0.00E+00
7-21690001,7/3/2018,7,July,40.976,-95.02935,Viking_Lake_Beach,STANTON,6.03,7.13,8.4,7.191,1.206,0.503,0.0917,-0.007,0.0059,6.704,5.642,1.79E+06,1.67E+04,0.00E+00,0.00E+00
8-21280001,7/10/2018,8,July,42.601715,-91.534234,Backbone_Beach,DUNDEE,0.425,12.1,8.14,5.611,1.321,0.441,0.0296,0.043,0.0094,-2.433,16.944,7.09E+06,7.33E+03,0.00E+00,0.00E+00
8-21350001,7/10/2018,8,July,42.77043,-93.23654,Beeds_Lake,HAMPTON,0,12,8.6,5.474,1.256,0.548,0.0198,0.07,0.0097,52.195,14.596,1.37E+06,5.29E+03,0.00E+00,1.75E+04
8-21770001,7/10/2018,8,July,41.79395,-93.73185,Big_Creek_Beach,POLK CITY,0.13,8.04,8.5,7.439,1.206,0.642,0.046,0.273,0.0279,25.629,52.392,1.14E+06,1.37E+04,0.00E+00,0.00E+00
8-21810002,7/10/2018,8,July,42.29637,-95.02906,Black_Hawk_Beach,LAKE VIEW,0.853,12,8.4,6.997,1.035,0.602,0.0283,0.323,0.0287,25.188,48.028,1.87E+06,8.58E+03,0.00E+00,0.00E+00
8-21940001,7/10/2018,8,July,42.38858,-93.97857,Brushy_Creek_Beach,LEHIGH,0,9.52,8.5,5.943,1.194,0.447,0.0446,0.088,0.0111,10.095,8.444,2.58E+06,3.33E+04,0.00E+00,0.00E+00
8-21170001,7/10/2018,8,July,43.12524,-93.41469,Clear_Lake,CLEAR LAKE,2.862,10.9,,39.12,1.218,0.495,0.0228,0.053,0.0086,4.656,9.284,2.24E+06,2.47E+04,0.00E+00,0.00E+00
8-21300005,7/10/2018,8,July,43.496339,-95.120872,Crandalls_Beach,MILFORD,1.11,10.7,8.76,8.155,1.254,0.452,0.0272,0.022,0.0054,3.188,9.106,1.57E+06,2.53E+04,0.00E+00,0.00E+00
8-21300005-Dup,7/10/2018,8,July,43.496339,-95.120872,Crandalls_Beach,MILFORD,0,10.2,,,,,,,,,,,,,
8-21810001,7/10/2018,8,July,42.30153,-95.036022,Denison_Beach,LAKE VIEW,1.038,10.2,8.5,7.625,1.219,0.556,0.0146,0.021,0.0031,-13.443,5.982,4.55E+06,1.23E+03,0.00E+00,0.00E+00
8-21300004,7/10/2018,8,July,43.356726,-95.175393,Emerson_Bay_Beach,MILFORD,0.248,17.6,8.28,6.647,1.177,0.438,0.0291,0.016,0.0037,-16.685,3.04,2.61E+06,0.00E+00,0.00E+00,0.00E+00
8-21070001,7/10/2018,8,July,42.53497,-92.40055,George_Wyth_Beach,WATERLOO,0.72,6.7,8.2,1.908,1.219,0.505,0.0684,8.195,0.0445,17.916,20.715,1.08E+07,1.24E+03,0.00E+00,0.00E+00
8-21880001,7/10/2018,8,July,41.09832,-94.38405,Green_Valley_Beach,CRESTON,2.14,10.6,7.8,7.213,1.317,0.502,0.0147,0.034,0.0067,11.124,11.008,7.00E+06,1.96E+04,0.00E+00,0.00E+00
8-21300001,7/10/2018,8,July,43.371344,-95.161174,Gull_Point_Beach,MILFORD,0.165,22.4,8.4,5.867,1.197,0.576,0.0248,0.077,0.0061,15.999,11.319,4.98E+06,2.50E+04,0.00E+00,0.00E+00
8-21040001,7/10/2018,8,July,40.869963,-92.915908,Honey_Creek_Resort_Beach,MORAVIA,0.047,6.86,8.4,5.895,1.253,0.44,0.0198,0.047,0.0095,13.792,11.238,5.60E+06,2.03E+04,0.00E+00,0.00E+00
8-21890001,7/10/2018,8,July,40.7111,-91.96997,Lacey_Keosauqua_Beach,KEOSAUQUA,0.315,7.17,8.4,6.476,1.302,0.4,0.1288,0.127,0.0037,16.31,14.993,8.16E+06,6.29E+03,0.00E+00,0.00E+00
8-21910001,7/10/2018,8,July,41.29261,-93.59564,Lake_Ahquabi_Beach,INDIANOLA,0.212,15.1,8.5,7.125,1.232,0.476,0.0195,0.078,0.014,5.348,14.648,2.18E+06,1.92E+04,0.00E+00,0.00E+00
8-21150001,7/10/2018,8,July,41.42801,-94.78194,Lake_Anita_Beach,ANITA,0.68,5.7,8.93,3.525,5.832,0.411,0.0187,0.031,0.0049,5.525,15.346,1.12E+07,0.00E+00,0.00E+00,0.00E+00
8-21920001,7/10/2018,8,July,41.2015,-91.90524,Lake_Darling_Beach,BRIGHTON,0.278,6.63,8.1,3.483,1.093,0.48,0.0204,4.635,0.1105,9.096,8.121,3.28E+06,1.05E+03,0.00E+00,0.00E+00
8-21620001,7/10/2018,8,July,41.29514,-92.53733,Lake_Keomah_Beach,OSKALOOSA,0.282,8.03,8.29,4.18,1.233,0.647,0.0084,6.497,0.0586,3.798,6.941,3.72E+06,8.51E+03,0.00E+00,0.00E+00
8-21520001,7/10/2018,8,July,41.7935,-91.57311,Lake_Macbride_Beach,SOLON,0,6.07,8.22,3.954,1.202,0.474,0.041,1.735,0.2159,2.582,13.261,2.12E+06,1.18E+03,0.00E+00,0.00E+00
8-21780001,7/10/2018,8,July,41.20518,-95.85738,Lake_Manawa_Beach,COUNCIL BLUFFS,0.01,10.2,8.9,5.177,1.23,0.461,0.0466,0.097,0.0092,31.66,11.601,4.60E+06,4.81E+02,0.00E+00,0.00E+00
8-21870001,7/10/2018,8,July,40.70991,-94.68961,Lake_of_Three_Fires_Beach,BEDFORD,0.257,5.51,7.83,8.238,1.176,0.607,0.0266,0.015,0.0048,-8.658,5.996,4.66E+05,0.00E+00,0.00E+00,0.00E+00
8-21260001,7/10/2018,8,July,40.81961,-92.57458,Lake_Wapello,DRAKESVILLE,0,6.57,9.1,7.79,1.248,0.544,0.0228,0.041,0.0079,12.11,19.582,4.03E+06,6.06E+03,0.00E+00,0.00E+00
8-21260001-Dup,7/10/2018,8,July,40.81961,-92.57458,Lake_Wapello,DRAKESVILLE,0,7.65,,,,,,,,,,,,,
8-21670001,7/10/2018,8,July,42.29637,-95.02906,Lewis_and_Clark,ONAWA,0.083,11,8.14,7.403,1.128,0.506,0.0224,0.098,0.007,8.804,55.348,3.74E+06,8.91E+02,0.00E+00,0.00E+00
8-21420001,7/10/2018,8,July,42.36695,-93.07805,Lower_Pine_Lake_Beach,ELDORA,0,18,8,7.937,1.226,0.455,0.016,0.085,0.0076,8.738,5.906,1.68E+06,2.54E+04,0.00E+00,0.00E+00
8-21170002,7/10/2018,8,July,43.120293,-93.458859,McIntosh_Woods_Beach,VENTURA,3.358,11.8,8.6,4.002,1.21,0.474,0.014,4.412,0.0689,13.901,10.017,5.55E+06,9.52E+02,0.00E+00,0.00E+00
8-21270001,7/10/2018,8,July,40.59674,-93.7723,Nine_Eagles_Beach,DAVIS CITY,1.865,11.6,7.81,4.514,1.273,0.432,0.0094,0.151,0.0198,28.931,16.649,8.01E+06,1.68E+04,0.00E+00,0.00E+00
8-21130002,7/10/2018,8,July,42.479711,-94.633626,North_Twin_Lake_East_Beach ,ROCKWELL CITY,1.707,9.45,8.8,6.794,1.218,0.508,0.0304,1.409,0.1266,17.713,14.744,3.04E+06,3.74E+04,0.00E+00,0.00E+00
8-21130001,7/10/2018,8,July,42.47907,-94.636946,North_Twin_Lake_West_Beach ,ROCKWELL CITY,2.21,9.76,8.7,8.615,1.284,0.474,0.0205,0.468,0.0884,20.702,16.761,4.23E+06,4.55E+04,0.00E+00,0.00E+00
8-21300002,7/10/2018,8,July,43.415488,-95.164669,Pikes_Point_Beach,MILFORD,2.237,10.8,8.24,5.261,1.2,0.493,0.0271,0.285,0.0356,13.589,5.737,1.75E+06,4.55E+04,0.00E+00,0.00E+00
8-21830001,7/10/2018,8,July,41.60113,-95.22643,Prairie_Rose_Beach,HARLAN,2.432,11.6,9,4.59,1.139,0.614,0.0262,1.645,0.0974,14.504,7.114,2.56E+06,2.20E+03,0.00E+00,0.00E+00
8-21590001,7/10/2018,8,July,41.00091,-93.272,Red_Haw_Beach,CHARITON,0.23,6.46,8.6,10.74,1.121,0.395,0.0176,0.124,0.0105,8.388,8.884,1.05E+06,1.18E+03,0.00E+00,0.00E+00
8-21590001-Dup,7/10/2018,8,July,41.00091,-93.272,Red_Haw_Beach,CHARITON,0,5.85,,,,,,,,,,,,,
8-21500001,7/10/2018,8,July,41.73963,-92.85499,Rock_Creek_Beach,KELLOGG,2.115,8.03,8.4,8.586,1.245,0.475,0.0076,0.112,0.0135,10.232,9.444,3.07E+06,1.25E+05,0.00E+00,0.00E+00
8-21500001-Dup,7/10/2018,8,July,41.73963,-92.85499,Rock_Creek_Beach,KELLOGG,0,8.23,,,,,,,,,,,,,
8-21390001,7/10/2018,8,July,41.77603,-94.4667,Springbrook_Beach,GUTHRIE CENTER,0.347,10.8,8.3,7.697,1.24,0.461,0.0236,0.034,0.003,-14.168,39.747,7.41E+06,0.00E+00,0.00E+00,0.00E+00
8-21300003,7/10/2018,8,July,42.128721,-92.72652,Triboji_Beach,MILFORD,0.055,10.9,8.01,8.194,1.264,0.437,0.0204,0.033,0.0084,-0.834,6.688,5.58E+06,0.00E+00,0.00E+00,0.00E+00
8-21860001,7/10/2018,8,July,42.12505,-92.72008,Union_Grove_Beach,GLADBROOK,0.047,10.3,9.3,9.023,1.17,0.4415,0.0243,0.0415,0.0123,12.1485,10.762,1.81E+06,5.03E+03,0.00E+00,0.00E+00
8-21690001,7/10/2018,8,July,40.976,-95.02935,Viking_Lake_Beach,STANTON,8.8055,5.21,8.6,4.56,1.194,0.563,0.0117,7.268,0.094,14.12,13.442,3.26E+06,5.33E+02,0.00E+00,0.00E+00
9-21280001,7/17/2018,9,July,42.601715,-91.534234,Backbone_Beach,DUNDEE,0.155,13.9,7.09,1.869,1.694520796,0.167,-0.0012,6.462,0.0559,11.682,23.257,1.20E+07,0.00E+00,0.00E+00,0.00E+00
9-21280001-Dup,7/17/2018,9,July,42.601715,-91.534234,Backbone_Beach,DUNDEE,0,13.1,,,,,,,,,,,,,
9-21350001,7/17/2018,9,July,42.77043,-93.23654,Beeds_Lake,HAMPTON,0,13.8,8.28,2.876,0.896238698,0.122,0.0092,5.746,0.0739,14.334,17.144,2.07E+07,1.82E+04,0.00E+00,0.00E+00
9-21770001,7/17/2018,9,July,41.79395,-93.73185,Big_Creek_Beach,POLK CITY,0,5.9,8.05,6.61,1.221509946,0.161,-0.0003,4.433,0.0661,10.663,9.789,7.34E+06,0.00E+00,0.00E+00,0.00E+00
9-21810002,7/17/2018,9,July,42.29637,-95.02906,Black_Hawk_Beach,LAKE VIEW,5.755,14.8,9.1,4.824,1.35579566,0.256,0.0236,0.001,0.0157,16.836,18.595,6.18E+06,1.99E+05,0.00E+00,0.00E+00
9-21940001,7/17/2018,9,July,42.38858,-93.97857,Brushy_Creek_Beach,LEHIGH,0,10.7,8.9,3.918,1.165759494,0.213,0.0259,7.184,0.1218,12.015,15.115,8.37E+06,5.80E+03,0.00E+00,0.00E+00
9-21940001-Dup,7/17/2018,9,July,42.38858,-93.97857,Brushy_Creek_Beach,LEHIGH,0,9.41,,,,,,,,,,,,,
9-21170001,7/17/2018,9,July,43.12524,-93.41469,Clear_Lake,CLEAR LAKE,0.952,8.62,8.14,6.046,1.140099458,0.153,-0.0057,0.041,0.0005,16.323,9.291,5.52E+06,4.86E+04,0.00E+00,0.00E+00
9-21300005,7/17/2018,9,July,43.496339,-95.120872,Crandalls_Beach,MILFORD,0.785,9.41,8.6,5.192,0.909755877,0.152,-0.0035,0.029,-0.0008,17.127,15.926,4.14E+06,4.37E+04,0.00E+00,0.00E+00
9-21810001,7/17/2018,9,July,42.30153,-95.036022,Denison_Beach,LAKE VIEW,3.922,10.5,9,3.408,1.257206148,0.194,0.0181,0.233,0.056,12.982,17.503,5.20E+06,1.20E+05,0.00E+00,0.00E+00
9-21300004,7/17/2018,9,July,43.356726,-95.175393,Emerson_Bay_Beach,MILFORD,0.013,11.7,8.3,5.094,1.025976492,0.184,0.0099,0.037,-0.0027,24.205,13.366,1.45E+07,3.75E+04,0.00E+00,0.00E+00
9-21070001,7/17/2018,9,July,42.53497,-92.40055,George_Wyth_Beach,WATERLOO,0.08,9.4,9.7,4.439,1.845135624,0.216,0.0387,0.005,0.0078,43.909,15.46,2.89E+06,1.39E+04,0.00E+00,1.43E+04
9-21880001,7/17/2018,9,July,41.09832,-94.38405,Green_Valley_Beach,CRESTON,2.477,12,8.7,8.547,1.24721519,0.166,0.0045,0.016,0.0097,8.53,10.802,4.86E+06,1.29E+05,0.00E+00,0.00E+00
9-21300001,7/17/2018,9,July,43.371344,-95.161174,Gull_Point_Beach,MILFORD,0.52,10.8,8.5,5.052,1.043056058,0.231,0.0037,0.058,0,22.699,13.097,8.43E+06,8.11E+04,0.00E+00,0.00E+00
9-21040001,7/17/2018,9,July,40.869963,-92.915908,Honey_Creek_Resort_Beach,MORAVIA,0.538,6.18,8.5,5.153,1.072775769,0.159,-0.0016,0.042,0.0048,10.386,17.71,1.37E+07,8.11E+04,0.00E+00,0.00E+00
9-21890001,7/17/2018,9,July,40.7111,-91.96997,Lacey_Keosauqua_Beach,KEOSAUQUA,0.498,6.55,8,6.5,0.93340868,0.125,0.0834,0.078,-0.0015,2.229,36.425,7.92E+06,0.00E+00,0.00E+00,0.00E+00
9-21910001,7/17/2018,9,July,41.29261,-93.59564,Lake_Ahquabi_Beach,INDIANOLA,0.465,4.03,8.7,6.881,0.877188065,0.172,0.0215,0.081,0.0025,10.308,7.935,5.39E+06,4.90E+03,0.00E+00,0.00E+00
9-21910001-Dup,7/17/2018,9,July,41.29261,-93.59564,Lake_Ahquabi_Beach,INDIANOLA,0,3.56,,,,,,,,,,,,,
9-21150001,7/17/2018,9,July,41.42801,-94.78194,Lake_Anita_Beach,ANITA,1.205,6.24,8.14,4.899,1.713490054,0.179,0.0277,0.582,0.0054,7.547,9.477,3.60E+06,6.86E+04,0.00E+00,2.22E+04
9-21920001,7/17/2018,9,July,41.2015,-91.90524,Lake_Darling_Beach,BRIGHTON,0.683,3.57,8.54,8.128,0.880922,0.182,0.0344,0.086,0.0105,20.391,13.777,1.12E+07,4.74E+04,0.00E+00,0.00E+00
9-21620001,7/17/2018,9,July,41.29514,-92.53733,Lake_Keomah_Beach,OSKALOOSA,0.25,5.34,8.47,7.764,0.872594937,0.146,0.03,0.073,0.0081,19.73,21.656,6.78E+06,1.18E+04,0.00E+00,0.00E+00
9-21520001,7/17/2018,9,July,41.7935,-91.57311,Lake_Macbride_Beach,SOLON,0.243,5.49,7.05,4.038,1.477603978,0.127,0.0445,0.027,0.0078,26.129,12.782,1.36E+06,0.00E+00,0.00E+00,0.00E+00
9-21780001,7/17/2018,9,July,41.20518,-95.85738,Lake_Manawa_Beach,COUNCIL BLUFFS,0.353,6.21,7.9,6.731,1.371943942,0.183,0.0133,0.06,0.0108,23.382,19.191,7.97E+06,8.47E+03,0.00E+00,0.00E+00
9-21870001,7/17/2018,9,July,40.70991,-94.68961,Lake_of_Three_Fires_Beach,BEDFORD,0.665,12,8.76,4.117,1.452260398,0.142,0.0106,0.01,0.0056,5.83,10.352,4.45E+06,6.94E+03,0.00E+00,0.00E+00
9-21260001,7/17/2018,9,July,40.81961,-92.57458,Lake_Wapello,DRAKESVILLE,0.805,5.26,7.8,6.44,1.072893309,0.17,-0.0063,0.043,-0.0002,3.157,7.584,2.25E+06,0.00E+00,0.00E+00,0.00E+00
9-21670001,7/17/2018,9,July,42.29637,-95.02906,Lewis_and_Clark,ONAWA,0.728,10.3,8.2,6.289,1.636075949,0.12,0.0434,0.001,0.008,6.286,54.679,2.21E+06,0.00E+00,0.00E+00,0.00E+00
9-21420001,7/17/2018,9,July,42.36695,-93.07805,Lower_Pine_Lake_Beach,ELDORA,0.298,16.2,9.2,3.554,0.899412297,0.193,0.0185,1.585,0.1165,14.384,9.397,1.02E+07,1.07E+04,0.00E+00,0.00E+00
9-21170002,7/17/2018,9,July,43.120293,-93.458859,McIntosh_Woods_Beach,VENTURA,2.375,9.35,8.21,7.164,1.02556962,0.187,-0.002,0.043,0.0002,14.411,8.514,3.32E+06,5.92E+04,0.00E+00,9.89E+03
9-21270001,7/17/2018,9,July,40.59674,-93.7723,Nine_Eagles_Beach,DAVIS CITY,0.517,10.5,8.5,5.773,0.952540687,0.116,0.001,0.036,-0.0015,0.997,3.481,3.90E+06,0.00E+00,0.00E+00,0.00E+00
9-21130002,7/17/2018,9,July,42.479711,-94.633626,North_Twin_Lake_East_Beach ,ROCKWELL CITY,1.77,9.96,8.6,5.53,1.803453888,0.165,0.0281,0.059,0.0202,19.794,54.852,2.67E+06,2.32E+04,0.00E+00,0.00E+00
9-21130001,7/17/2018,9,July,42.47907,-94.636946,North_Twin_Lake_West_Beach ,ROCKWELL CITY,2.87,8.22,8.6,5.541,1.969439421,0.176,0.0324,0.054,0.0206,20.457,53.701,1.80E+06,2.00E+04,0.00E+00,0.00E+00
9-21300002,7/17/2018,9,July,43.415488,-95.164669,Pikes_Point_Beach,MILFORD,0.27,10.1,8.5,4.839,0.866826401,0.129,-0.0027,0.034,0.0026,23.738,13.012,7.59E+06,3.56E+04,0.00E+00,0.00E+00
9-21830001,7/17/2018,9,July,41.60113,-95.22643,Prairie_Rose_Beach,HARLAN,3.313,11.7,8.5,6.332,1.314538879,0.193,-0.0011,0.004,0.0022,9.166,8.064,2.44E+06,6.02E+04,0.00E+00,0.00E+00
9-21590001,7/17/2018,9,July,41.00091,-93.272,Red_Haw_Beach,CHARITON,0.93,5.55,8.3,7.075,0.889421338,0.15,0.0149,0.055,0.0017,6.092,7.271,7.33E+05,0.00E+00,0.00E+00,0.00E+00
9-21500001,7/17/2018,9,July,41.73963,-92.85499,Rock_Creek_Beach,KELLOGG,1.673,8.18,8.68,3.807,0.891229656,0.179,0.0073,2.521,0.085,13.743,14.883,1.06E+07,9.98E+03,0.00E+00,0.00E+00
9-21390001,7/17/2018,9,July,41.77603,-94.4667,Springbrook_Beach,GUTHRIE CENTER,0.735,12.7,8.3,2.816,1.515940325,0.177,0.0059,4.132,0.1103,6.242,7.773,4.48E+06,1.11E+04,0.00E+00,0.00E+00
9-21300003,7/17/2018,9,July,42.128721,-92.72652,Triboji_Beach,MILFORD,0.78,11.2,8.2,5.131,0.969927667,0.233,0.0272,0.093,0.0092,22.407,12.54,1.20E+07,2.87E+04,0.00E+00,0.00E+00
9-21860001,7/17/2018,9,July,42.12505,-92.72008,Union_Grove_Beach,GLADBROOK,1.523,11.8,8.06,4.332,1.219475588,0.196,0.0377,1.048,0.0862,9.775,14.922,3.69E+06,2.00E+04,0.00E+00,0.00E+00
9-21690001,7/17/2018,9,July,40.976,-95.02935,Viking_Lake_Beach,STANTON,4.517,6.94,8.44,6.608,1.655515371,0.148,-0.0012,-0.001,0.0117,5.816,8.419,1.57E+06,2.89E+04,0.00E+00,0.00E+00
9-21690001-Dup,7/17/2018,9,July,40.976,-95.02935,Viking_Lake_Beach,STANTON,0,5.77,,,,,,,,,,,,,
10-21280001,7/24/2018,10,July,42.601715,-91.534234,Backbone_Beach,DUNDEE,0.3,9.32,8.9,2.347,0.041,0.233,-0.047,7.321,0.0491,20.777,24.691,5.04E+06,0.00E+00,0.00E+00,0.00E+00
10-21350001,7/24/2018,10,July,42.77043,-93.23654,Beeds_Lake,HAMPTON,0.063,15.6,7.78,4.873,0.155,0.091,0.9352,3.581271208,0.0928,14.906,20.578,1.66E+07,4.76E+03,0.00E+00,0.00E+00
10-21770001,7/24/2018,10,July,41.79395,-93.73185,Big_Creek_Beach,POLK CITY,0.167,7.51,7.94,3.857,0.098,0.203,-0.0675,4.329,0.0597,18.878,117.504,9.26E+06,0.00E+00,0.00E+00,0.00E+00
10-21770001-Dup,7/24/2018,10,July,41.79395,-93.73185,Big_Creek_Beach,POLK CITY,0,6.05,,,,,,,,,,,,,
10-21810002,7/24/2018,10,July,42.29637,-95.02906,Black_Hawk_Beach,LAKE VIEW,0.905,7.26,8.9,8.54,-0.055,0.184,0.0886,7.091,0.2794,17.283,19.856,1.42E+07,1.08E+05,0.00E+00,0.00E+00
10-21810002-Dup,7/24/2018,10,July,42.29637,-95.02906,Black_Hawk_Beach,LAKE VIEW,0,8.36,,,,,,,,,,,,,
10-21940001,7/24/2018,10,July,42.38858,-93.97857,Brushy_Creek_Beach,LEHIGH,0.233,8.44,8.4,4.971,-0.053,0.227,-0.0501,0.119,0.0105,22.338,20.839,3.74E+06,0.00E+00,0.00E+00,0.00E+00
10-21170001,7/24/2018,10,July,43.12524,-93.41469,Clear_Lake,CLEAR LAKE,1.62,7.63,8.01,7.849,-0.12,0.126,0.0715,-0.179512526,0.0008,11.637,10.494,3.91E+06,4.33E+04,0.00E+00,1.23E+04
10-21300005,7/24/2018,10,July,43.496339,-95.120872,Crandalls_Beach,MILFORD,1.885,5.05,8.4,6.988,0.208,0.169,0.889,-0.125729435,0.0086,18.225,18.324,3.06E+06,3.19E+04,0.00E+00,0.00E+00
10-21810001,7/24/2018,10,July,42.30153,-95.036022,Denison_Beach,LAKE VIEW,3.902,6.87,8.9,7.455,0.226,0.198,-0.0569,0.112,0.0077,21.473,21.751,7.27E+06,7.81E+04,0.00E+00,0.00E+00
10-21300004,7/24/2018,10,July,43.356726,-95.175393,Emerson_Bay_Beach,MILFORD,0.585,11.2,8.1,6.237,-0.057,0.201,-0.0631,0.214429256,-0.0002,24.791,16.672,7.38E+06,1.26E+04,0.00E+00,0.00E+00
10-21070001,7/24/2018,10,July,42.53497,-92.40055,George_Wyth_Beach,WATERLOO,0.55,5.23,9.3,5.024,-0.011,0.242,-0.0868,0.15,-0.0005,31.158,15.237,7.36E+06,3.06E+04,0.00E+00,3.65E+04
10-21880001,7/24/2018,10,July,41.09832,-94.38405,Green_Valley_Beach,CRESTON,2.908,6.37,8.37,9.065,0.009,0.219,0.1524,0.133,0.011,23.547,11.006,1.28E+07,1.75E+05,0.00E+00,0.00E+00
10-21300001,7/24/2018,10,July,43.371344,-95.161174,Gull_Point_Beach,MILFORD,0.51,11.3,8.2,6.182,0.242,0.264,1.3894,-0.304568075,-0.0005,23.665,17.877,8.67E+06,5.38E+04,0.00E+00,0.00E+00
10-21040001,7/24/2018,10,July,40.869963,-92.915908,Honey_Creek_Resort_Beach,MORAVIA,0.415,2.9,8,6.45,-0.013,0.179,-0.0556,0.692764174,0.0042,9.907,22.346,1.19E+07,3.06E+04,0.00E+00,0.00E+00
10-21890001,7/24/2018,10,July,40.7111,-91.96997,Lacey_Keosauqua_Beach,KEOSAUQUA,0.355,8.25,9.03,7.854,-0.014,-0.002,0.9553,-0.165033025,-0.0011,2.701,44.946,6.04E+06,0.00E+00,0.00E+00,0.00E+00
10-21910001,7/24/2018,10,July,41.29261,-93.59564,Lake_Ahquabi_Beach,INDIANOLA,0.692,7.98,8.6,27.98,0.094,-0.037,1.4102,-0.2063091,0.0035,12.436,8.335,5.01E+06,0.00E+00,0.00E+00,0.00E+00
10-21150001,7/24/2018,10,July,41.42801,-94.78194,Lake_Anita_Beach,ANITA,2.852,3.17,8.31,5.914,0.006,0.194,-0.0209,0.123,0.0031,15.35,9.579,1.50E+06,2.67E+04,0.00E+00,1.54E+04
10-21920001,7/24/2018,10,July,41.2015,-91.90524,Lake_Darling_Beach,BRIGHTON,5.142,4.12,9.75,10.99,0.332,0.132,0.8042,-0.141933034,0.0159,21.336,19.655,3.37E+07,2.47E+05,0.00E+00,0.00E+00
10-21620001,7/24/2018,10,July,41.29514,-92.53733,Lake_Keomah_Beach,OSKALOOSA,0.805,5.3,10.1,10.79,0.198,0.076,0.7404,-0.176707214,0.0118,19.351,25.16,4.95E+06,2.11E+04,0.00E+00,0.00E+00
10-21620001-Dup,7/24/2018,10,July,41.29514,-92.53733,Lake_Keomah_Beach,OSKALOOSA,0,4.84,,,,,,,,,,,,,
10-21520001,7/24/2018,10,July,41.7935,-91.57311,Lake_Macbride_Beach,SOLON,0.61,3.52,8.03,5.115,0.02,0.133,0.0057,0.12,0.0013,33.843,12.654,2.42E+06,0.00E+00,0.00E+00,0.00E+00
10-21780001,7/24/2018,10,July,41.20518,-95.85738,Lake_Manawa_Beach,COUNCIL BLUFFS,0.995,7.2,7.9,5.273,0.093,0.158,-0.0473,0.162,0.0073,30.389,20.359,1.65E+07,1.68E+04,0.00E+00,0.00E+00
10-21780001-Dup,7/24/2018,10,July,41.20518,-95.85738,Lake_Manawa_Beach,COUNCIL BLUFFS,0,7.32,,,,,,,,,,,,,
10-21870001,7/24/2018,10,July,40.70991,-94.68961,Lake_of_Three_Fires_Beach,BEDFORD,1.612,4.24,8.3,11.38,0.012,0.232,0.0897,0.128,0.0062,15.435,12.268,4.31E+06,9.78E+03,0.00E+00,0.00E+00
10-21260001,7/24/2018,10,July,40.81961,-92.57458,Lake_Wapello,DRAKESVILLE,0.84,2.96,9.43,8.909,0.33,0.16,-0.0186,-0.286888765,0.0009,4.224,10.408,8.05E+05,0.00E+00,0.00E+00,0.00E+00
10-21670001,7/24/2018,10,July,42.29637,-95.02906,Lewis_and_Clark,ONAWA,0.975,8.68,8.2,8.352,0.023,0.193,-0.0096,0.116,0.0044,13.131,72.508,2.00E+06,0.00E+00,0.00E+00,0.00E+00
10-21420001,7/24/2018,10,July,42.36695,-93.07805,Lower_Pine_Lake_Beach,ELDORA,1.028,12.6,8.13,4.73,0.059,0.146,1.0033,0.883335447,0.075,14.612,10.671,4.44E+06,0.00E+00,0.00E+00,0.00E+00
10-21170002,7/24/2018,10,July,43.120293,-93.458859,McIntosh_Woods_Beach,VENTURA,5.122,8.12,8.15,9.279,0.052,0.149,-0.0929,-0.251106426,0.0005,12.196,8.702,2.21E+06,6.68E+04,0.00E+00,2.18E+04
10-21270001,7/24/2018,10,July,40.59674,-93.7723,Nine_Eagles_Beach,DAVIS CITY,0.84,10,8.4,7.169,-0.022,0.153,1.2557,-0.34277584,-0.0016,2.084,2.792,3.53E+06,0.00E+00,0.00E+00,0.00E+00
10-21130002,7/24/2018,10,July,42.479711,-94.633626,North_Twin_Lake_East_Beach ,ROCKWELL CITY,1.892,7.32,8.4,7.1,0.019,0.205,-0.0133,0.15,0.0086,30.075,64.763,2.08E+06,1.23E+04,0.00E+00,0.00E+00
10-21130001,7/24/2018,10,July,42.47907,-94.636946,North_Twin_Lake_West_Beach ,ROCKWELL CITY,2.188,7.56,8.4,7.287,-0.003,0.233,-0.0548,0.127,0.0116,30.221,61.606,3.00E+06,1.65E+04,0.00E+00,0.00E+00
10-21300002,7/24/2018,10,July,43.415488,-95.164669,Pikes_Point_Beach,MILFORD,0.92,9.95,8.3,6.015,0.064,0.162,0.0037,-0.201604358,0,24.24,14.795,7.11E+06,4.11E+04,0.00E+00,0.00E+00
10-21830001,7/24/2018,10,July,41.60113,-95.22643,Prairie_Rose_Beach,HARLAN,1.178,7,8.9,5.083,0.098,0.223,0.0553,0.111,0.0065,11.591,12.631,2.75E+06,1.23E+04,0.00E+00,0.00E+00
10-21590001,7/24/2018,10,July,41.00091,-93.272,Red_Haw_Beach,CHARITON,1.283,4.79,8,9.149,-0.092,-0.017,1.6125,-0.258397315,0.0008,6.744,6.502,4.16E+06,0.00E+00,0.00E+00,0.00E+00
10-21500001,7/24/2018,10,July,41.73963,-92.85499,Rock_Creek_Beach,KELLOGG,4.403,8.99,7.93,4.744,0.083,0.061,1.3574,1.564558711,0.0852,14.103,17.466,1.29E+07,3.81E+04,0.00E+00,0.00E+00
10-21390001,7/24/2018,10,July,41.77603,-94.4667,Springbrook_Beach,GUTHRIE CENTER,0.762,7.32,8.4,3.706,0.038,0.2,-0.0718,2.829,0.0925,13.427,8.638,3.09E+06,7.76E+03,0.00E+00,0.00E+00
10-21300003,7/24/2018,10,July,42.128721,-92.72652,Triboji_Beach,MILFORD,1.22,13.1,8.3,6.284,0.008,0.136,1.0533,-0.110680105,0.0034,23.698,15.838,1.63E+05,0.00E+00,0.00E+00,0.00E+00
10-21860001,7/24/2018,10,July,42.12505,-92.72008,Union_Grove_Beach,GLADBROOK,1.94,8.53,9.3,4.497,0.027,0.377,0.021,0.913,0.0785,15.219,10.037,7.63E+06,9.82E+04,0.00E+00,0.00E+00
10-21690001,7/24/2018,10,July,40.976,-95.02935,Viking_Lake_Beach,STANTON,10.927,1.43,8.35,8.224,0.069,0.198,-0.0494,0.133,0.0026,12.726,8.069,2.97E+06,4.03E+04,0.00E+00,0.00E+00
11-21280001,7/31/2018,11,July,42.601715,-91.534234,Backbone_Beach,DUNDEE,0.237,13.7,8.5,1.472,0.491,0.264,-0.0836,5.924,0.0442,9.587,21.657,1.09E+07,4.32E+02,0.00E+00,0.00E+00
11-21350001,7/31/2018,11,July,42.77043,-93.23654,Beeds_Lake,HAMPTON,0.153,27,8.1,4.134,0.145,0.255,0.8973,-0.025,0.0621,3.396,19.664,1.88E+07,7.82E+03,0.00E+00,0.00E+00
11-21770001,7/31/2018,11,July,41.79395,-93.73185,Big_Creek_Beach,POLK CITY,0.235,7.02,8,3.508,0.096,0.149,-0.086,3.63,0.0591,9.02,12.381,4.24E+06,1.45E+03,0.00E+00,0.00E+00
11-21770001-Dup,7/31/2018,11,July,41.79395,-93.73185,Big_Creek_Beach,POLK CITY,0,7.15,,,,,,,,,,,,,
11-21810002,7/31/2018,11,July,42.29637,-95.02906,Black_Hawk_Beach,LAKE VIEW,0.135,10.4,8.79,7.514,0.165,0.226,-0.0709,-0.184,0.0064,10.224,20.018,8.41E+06,2.78E+04,0.00E+00,0.00E+00
11-21940001,7/31/2018,11,July,42.38858,-93.97857,Brushy_Creek_Beach,LEHIGH,0,8.46,9.4,4.736,0.162,0.286,-0.0586,6.027,0.2515,4.407,18.664,5.60E+06,5.35E+03,0.00E+00,0.00E+00
11-21170001,7/31/2018,11,July,43.12524,-93.41469,Clear_Lake,CLEAR LAKE,1.517,9.92,8.3,6.569,0.209,0.198,-0.0757,0.105,-0.0026,4.22,10.232,3.90E+06,3.39E+04,0.00E+00,2.60E+04
11-21300005,7/31/2018,11,July,43.496339,-95.120872,Crandalls_Beach,MILFORD,1.918,11,8.3,4.171,0.112,0.195,0.5633,0.055,0.0082,5.819,16.438,6.22E+06,5.94E+04,0.00E+00,0.00E+00
11-21810001,7/31/2018,11,July,42.30153,-95.036022,Denison_Beach,LAKE VIEW,0.955,13.7,8.97,7.135,0.148,0.214,-0.0612,-0.208,0.0085,10.622,21.107,8.42E+06,1.57E+04,0.00E+00,0.00E+00
11-21300004,7/31/2018,11,July,43.356726,-95.175393,Emerson_Bay_Beach,MILFORD,0.412,13.8,8.5,5.491,0.113,0.234,-0.085,0.359,-0.0035,10.982,16.131,8.80E+06,1.53E+04,0.00E+00,0.00E+00
11-21070001,7/31/2018,11,July,42.53497,-92.40055,George_Wyth_Beach,WATERLOO,0.465,6.73,8.7,5.309,0.561,0.236,-0.083,-0.211,-0.0027,43.18,15.856,4.08E+06,6.71E+03,0.00E+00,1.92E+04
11-21880001,7/31/2018,11,July,41.09832,-94.38405,Green_Valley_Beach,CRESTON,0.735,6.06,8.4,26.64,0.118,0.243,-0.0731,-0.22,0,1.816,9.991,4.61E+06,5.18E+04,0.00E+00,0.00E+00
11-21300001,7/31/2018,11,July,43.371344,-95.161174,Gull_Point_Beach,MILFORD,0.565,52,8.5,6.17,0.19,0.155,0.9147,-0.023,-0.0038,10.399,14.651,1.29E+07,7.52E+04,0.00E+00,0.00E+00
11-21040001,7/31/2018,11,July,40.869963,-92.915908,Honey_Creek_Resort_Beach,MORAVIA,0.26,5.65,8.85,5.78,0.125,0.188,-0.0607,-0.003,0,2.776,22.384,8.34E+06,1.19E+04,0.00E+00,0.00E+00
11-21890001,7/31/2018,11,July,40.7111,-91.96997,Lacey_Keosauqua_Beach,KEOSAUQUA,0.138,18.4,8.4,7.407,0.16,0.203,0.0833,-0.03,-0.0019,-2.15,42.611,1.74E+07,2.23E+04,0.00E+00,0.00E+00
11-21910001,7/31/2018,11,July,41.29261,-93.59564,Lake_Ahquabi_Beach,INDIANOLA,0.102,7.12,9.06,23.43,0.11,0.169,-0.061,-0.023,0.0015,1.971,8.762,9.52E+06,5.54E+03,0.00E+00,0.00E+00
11-21150001,7/31/2018,11,July,41.42801,-94.78194,Lake_Anita_Beach,ANITA,3.122,4.79,8.2,5.574,0.273,0.308,-0.0759,-0.227,-0.0039,3.86,8.424,2.95E+06,7.20E+04,0.00E+00,2.52E+04
11-21920001,7/31/2018,11,July,41.2015,-91.90524,Lake_Darling_Beach,BRIGHTON,2.37,8.36,9.2,6.706,0.131,0.266,0.2542,-0.036,0.0083,8.526,12.529,2.59E+07,8.15E+04,0.00E+00,0.00E+00
11-21620001,7/31/2018,11,July,41.29514,-92.53733,Lake_Keomah_Beach,OSKALOOSA,1.523,8.16,9,6.87,0.163,0.25,0.8359,-0.022,0.0064,8.029,22.148,1.11E+07,5.87E+04,0.00E+00,0.00E+00
11-21520001,7/31/2018,11,July,41.7935,-91.57311,Lake_Macbride_Beach,SOLON,0.157,4.76,8.8,4.0435,0.215,0.265,-0.0658,-0.206,-0.0015,19.01,13.519,1.12E+07,2.42E+03,0.00E+00,0.00E+00
11-21780001,7/31/2018,11,July,41.20518,-95.85738,Lake_Manawa_Beach,COUNCIL BLUFFS,0.6,12,8.79,4.451,0.123,0.221,-0.0685,-0.159,0.0065,18.451,19.95,9.52E+06,1.05E+04,0.00E+00,0.00E+00
11-21870001,7/31/2018,11,July,40.70991,-94.68961,Lake_of_Three_Fires_Beach,BEDFORD,0.345,7.09,8.7,9.965,0.116,0.252,-0.0788,-0.232,-0.0013,1.6,11.317,5.45E+06,1.34E+04,0.00E+00,0.00E+00
11-21260001,7/31/2018,11,July,40.81961,-92.57458,Lake_Wapello,DRAKESVILLE,0.203,5.26,8.7,7.865,0.137,0.205,0.6132,0.224,-0.0002,-1.806,9.813,2.27E+06,2.18E+03,0.00E+00,0.00E+00
11-21670001,7/31/2018,11,July,42.29637,-95.02906,Lewis_and_Clark,ONAWA,0.315,10.3,8.7,4.714,0.271,0.255,-0.0633,-0.211,0.0056,5.293,63.36,3.62E+06,2.33E+02,0.00E+00,0.00E+00
11-21420001,7/31/2018,11,July,42.36695,-93.07805,Lower_Pine_Lake_Beach,ELDORA,0.295,25.5,8.3,4.151,0.135,0.291,0.0576,2.077,0.0583,3.849,10.558,5.97E+06,9.47E+03,0.00E+00,0.00E+00
11-21170002,7/31/2018,11,July,43.120293,-93.458859,McIntosh_Woods_Beach,VENTURA,4.617,40.8,8.5,8.375,0.18,0.151,-0.0859,-0.007,-0.001,3.49,9.118,4.33E+06,8.11E+04,0.00E+00,6.80E+04
11-21270001,7/31/2018,11,July,40.59674,-93.7723,Nine_Eagles_Beach,DAVIS CITY,0.442,16.6,8.85,6.485,0.192,0.141,0.8359,-0.018,-0.0047,-2.895,3.471,6.14E+06,5.49E+02,0.00E+00,0.00E+00
11-21270001-Dup,7/31/2018,11,July,40.59674,-93.7723,Nine_Eagles_Beach,DAVIS CITY,0,16.5,,,,,,,,,,,,,
11-21130002,7/31/2018,11,July,42.479711,-94.633626,North_Twin_Lake_East_Beach ,ROCKWELL CITY,1.65,9.45,9.09,7.759,0.238,0.249,-0.0543,-0.129,0.0063,14.673,59.978,1.45E+06,0.00E+00,0.00E+00,0.00E+00
11-21130001,7/31/2018,11,July,42.47907,-94.636946,North_Twin_Lake_West_Beach ,ROCKWELL CITY,0.793,9.19,8.7,6.795,0.455,0.342,-0.0592,-0.205,0.0092,16.34,59.997,3.07E+06,1.24E+04,0.00E+00,0.00E+00
11-21130001-Dup,7/31/2018,11,July,42.47907,-94.636946,North_Twin_Lake_West_Beach ,ROCKWELL CITY,0,9.84,,,,,,,,,,,,,
11-21300002,7/31/2018,11,July,43.415488,-95.164669,Pikes_Point_Beach,MILFORD,0.407,50.5,8.6,6.357,0.082,0.201,-0.0296,-0.04,-0.0046,10.783,13.717,1.26E+07,6.66E+04,0.00E+00,0.00E+00
11-21830001,7/31/2018,11,July,41.60113,-95.22643,Prairie_Rose_Beach,HARLAN,0.725,9.05,9.49,6.433,0.178,0.214,-0.0674,-0.199,0.0065,5.238,14.772,3.45E+06,1.30E+04,0.00E+00,0.00E+00
11-21590001,7/31/2018,11,July,41.00091,-93.272,Red_Haw_Beach,CHARITON,0.695,13.1,8.5,9.093,0.107,0.138,0.9257,1.311,0.0011,-0.281,8.149,6.40E+06,1.43E+02,0.00E+00,0.00E+00
11-21500001,7/31/2018,11,July,41.73963,-92.85499,Rock_Creek_Beach,KELLOGG,1.455,16.5,8.4,8.158,0.087,0.195,0.9603,0.695,0.0874,3.783,19.039,1.41E+08,6.46E+05,0.00E+00,0.00E+00
11-21390001,7/31/2018,11,July,41.77603,-94.4667,Springbrook_Beach,GUTHRIE CENTER,0.373,10.2,8.81,1.475,0.311,0.236,-0.0694,1.885,0.0697,4.823,8.878,4.61E+06,1.03E+04,0.00E+00,0.00E+00
11-21300003,7/31/2018,11,July,42.128721,-92.72652,Triboji_Beach,MILFORD,0.54,12.3,8.7,5.694,0.095,0.163,1.2433,-0.012,-0.0022,10.469,13.286,1.72E+07,4.30E+04,0.00E+00,0.00E+00
11-21860001,7/31/2018,11,July,42.12505,-92.72008,Union_Grove_Beach,GLADBROOK,3.678,9.65,9.1,6.01,0.064,0.242,-0.0628,-0.116,0.0432,4.6,22.753,1.27E+07,9.58E+04,0.00E+00,0.00E+00
11-21860001-Dup,7/31/2018,11,July,42.12505,-92.72008,Union_Grove_Beach,GLADBROOK,0,11.4,,,,,,,,,,,,,
11-21690001,7/31/2018,11,July,40.976,-95.02935,Viking_Lake_Beach,STANTON,14.395,3.9,8.7,8.0985,0.181,0.256,-0.0679,-0.225,-0.0036,4.963,9.528,1.64E+06,5.79E+04,0.00E+00,0.00E+00
12-21280001,8/7/2018,12,August,42.601715,-91.534234,Backbone_Beach,DUNDEE,0.39,31.4,7.7,5.678,0.922,-0.24,0.0033,4.407862629,0.0279,7.969,20.022,2.66E+07,0.00E+00,0.00E+00,0.00E+00
12-21350001,8/7/2018,12,August,42.77043,-93.23654,Beeds_Lake,HAMPTON,0.488,15.2,8.2,4.2205,0.75,-0.172,0.0041,2.682,0.079961104,9.451,16.575,8.19E+06,5.17E+03,0.00E+00,0.00E+00
12-21770001,8/7/2018,12,August,41.79395,-93.73185,Big_Creek_Beach,POLK CITY,0.772,9.4,8.3,3.084,0.792,-0.242,0.0041,2.51049081,0.0615,11.812,18.409,8.49E+06,1.73E+04,0.00E+00,0.00E+00
12-21810002,8/7/2018,12,August,42.29637,-95.02906,Black_Hawk_Beach,LAKE VIEW,1.155,10.8,8.9,6.783,0.721,-0.229,0.0021,-0.244642872,0.0009,14.901,15.914,2.40E+06,3.07E+04,0.00E+00,1.36E+04
12-21940001,8/7/2018,12,August,42.38858,-93.97857,Brushy_Creek_Beach,LEHIGH,1.15,9.93,8.8,4.35,0.751,-0.228,-0.0043,4.831429773,0.2348,10.098,16.846,2.13E+07,5.51E+03,0.00E+00,0.00E+00
12-21170001,8/7/2018,12,August,43.12524,-93.41469,Clear_Lake,CLEAR LAKE,3.182,6.5,8.4,7.012,0.724,0.332,-0.037,-0.038,-0.002077079,11.745,8.527,1.60E+07,5.10E+04,0.00E+00,0.00E+00
12-21300005,8/7/2018,12,August,43.496339,-95.120872,Crandalls_Beach,MILFORD,7.19,15.9,9.03,6.279,0.765,0.229,-0.0406,0.287,0.004876248,12.93,17.684,6.35E+06,1.28E+05,0.00E+00,0.00E+00
12-21810001,8/7/2018,12,August,42.30153,-95.036022,Denison_Beach,LAKE VIEW,1.015,12.2,8.9,8.397,0.75,-0.16,-0.0223,-0.237854937,0.0014,14.778,14.863,3.14E+07,3.48E+04,0.00E+00,0.00E+00
12-21810001-Dup,8/7/2018,12,August,42.30153,-95.036022,Denison_Beach,LAKE VIEW,0,11.7,,,,,,,,,,,,,
12-21300004,8/7/2018,12,August,43.356726,-95.175393,Emerson_Bay_Beach,MILFORD,0.75,10.5,8.07,38.06,0.782,-0.126,-0.0388,-0.031,0.892697049,17.42,15.596,0.00E+00,0.00E+00,0.00E+00,0.00E+00
12-21070001,8/7/2018,12,August,42.53497,-92.40055,George_Wyth_Beach,WATERLOO,0.908,8,8.7,4.66,0.737,-0.225,-0.0289,-0.225814923,0.0008,41.943,16.465,7.14E+06,3.19E+04,0.00E+00,8.54E+04
12-21880001,8/7/2018,12,August,41.09832,-94.38405,Green_Valley_Beach,CRESTON,7.243,8.13,8.4,6.983,0.74,-0.244,-0.0127,-0.180205485,-0.0005,6.986,9.19,3.67E+06,7.59E+04,0.00E+00,0.00E+00
12-21300001,8/7/2018,12,August,43.371344,-95.161174,Gull_Point_Beach,MILFORD,0.637,14.1,8.07,5.727,0.741,-0.151,-0.0421,-0.036,-0.00388439,16.616,13.385,1.45E+07,9.02E+04,0.00E+00,0.00E+00
12-21040001,8/7/2018,12,August,40.869963,-92.915908,Honey_Creek_Resort_Beach,MORAVIA,0.425,2.69,8.88,5.613,0.704,0.062,-0.0368,-0.021,0.732320628,7.742,20.151,2.37E+07,2.92E+04,0.00E+00,0.00E+00
12-21890001,8/7/2018,12,August,40.7111,-91.96997,Lacey_Keosauqua_Beach,KEOSAUQUA,0.938,9.37,8.4,6.783,0.776,-0.181,-0.0422,-0.033,-0.006377615,1.623,22.893,1.06E+07,1.40E+04,0.00E+00,0.00E+00
12-21910001,8/7/2018,12,August,41.29261,-93.59564,Lake_Ahquabi_Beach,INDIANOLA,0.798,13.6,9.15,7.485,0.756,0.037,-0.0374,0.016,0.001204005,6.696,8.903,7.66E+06,0.00E+00,0.00E+00,0.00E+00
12-21150001,8/7/2018,12,August,41.42801,-94.78194,Lake_Anita_Beach,ANITA,2.39,5.21,8.4,5.402,0.75,-0.181,-0.0161,-0.249469848,-0.0025,7.828,8.557,7.65E+06,7.73E+04,0.00E+00,8.27E+04
12-21150001-Dup,8/7/2018,12,August,41.42801,-94.78194,Lake_Anita_Beach,ANITA,0,6.37,,,,,,,,,,,,,
12-21920001,8/7/2018,12,August,41.2015,-91.90524,Lake_Darling_Beach,BRIGHTON,0.947,13.4,8.9,7.543,0.824,0.176,-0.0299,-0.025,0.011898278,13.395,11.707,2.91E+07,3.20E+04,0.00E+00,0.00E+00
12-21620001,8/7/2018,12,August,41.29514,-92.53733,Lake_Keomah_Beach,OSKALOOSA,1.77,10.8,9.6,10.3,0.687,-0.135,-0.0308,-0.01,0.006473021,13.011,22.15,1.17E+07,6.69E+04,0.00E+00,0.00E+00
12-21620001-Dup,8/7/2018,12,August,41.29514,-92.53733,Lake_Keomah_Beach,OSKALOOSA,0,10.4,,,,,,,,,,,,,
12-21520001,8/7/2018,12,August,41.7935,-91.57311,Lake_Macbride_Beach,SOLON,0.572,5.27,8.8,4.182,0.672,-0.205,0.0303,-0.241242048,0.001,23.776,11.84,1.02E+07,0.00E+00,0.00E+00,0.00E+00
12-21780001,8/7/2018,12,August,41.20518,-95.85738,Lake_Manawa_Beach,COUNCIL BLUFFS,0.993,10.9,8.79,4.156,0.763,-0.236,-0.0114,-0.217559697,0.007,23.116,20.044,1.74E+07,2.39E+04,0.00E+00,0.00E+00
12-21870001,8/7/2018,12,August,40.70991,-94.68961,Lake_of_Three_Fires_Beach,BEDFORD,1.325,9.2,9.1,10.19,0.732,-0.232,-0.0223,-0.238897125,0.003,6.343,11.349,1.49E+07,0.00E+00,0.00E+00,0.00E+00
12-21260001,8/7/2018,12,August,40.81961,-92.57458,Lake_Wapello,DRAKESVILLE,0.46,3.02,8.7,7.707,0.757,-0.185,-0.0359,-0.011,-0.00169146,3.041,10.371,4.14E+07,2.91E+05,0.00E+00,2.07E+04
12-21670001,8/7/2018,12,August,42.29637,-95.02906,Lewis_and_Clark,ONAWA,0.822,10.4,8.74,8.206,0.8,-0.238,-0.002,-0.249606978,0.0066,7.505,72.012,9.90E+06,1.45E+04,0.00E+00,0.00E+00
12-21420001,8/7/2018,12,August,42.36695,-93.07805,Lower_Pine_Lake_Beach,ELDORA,0.613,15.9,8.4,4.168,0.873,0.309,0.0168,0.545,0.089562791,9.668,9.825,1.09E+07,2.52E+04,0.00E+00,0.00E+00
12-21170002,8/7/2018,12,August,43.120293,-93.458859,McIntosh_Woods_Beach,VENTURA,6.148,9.07,8.3,8.098,0.782,0.175,-0.032,-0.039,-0.004402981,10.236,7.86,5.32E+06,8.18E+03,0.00E+00,0.00E+00
12-21270001,8/7/2018,12,August,40.59674,-93.7723,Nine_Eagles_Beach,DAVIS CITY,0.52,4.73,9.13,5.83,0.739,-0.084,-0.0428,-0.041,-0.003967498,1.307,4.059,6.00E+06,0.00E+00,0.00E+00,0.00E+00
12-21130002,8/7/2018,12,August,42.479711,-94.633626,North_Twin_Lake_East_Beach ,ROCKWELL CITY,1.148,9.36,9.01,6.874,0.789,-0.19,-0.0056,-0.237196713,0.0092,18.861,57.631,8.40E+06,4.08E+04,0.00E+00,0.00E+00
12-21130001,8/7/2018,12,August,42.47907,-94.636946,North_Twin_Lake_West_Beach ,ROCKWELL CITY,1.525,9.54,8.09,6.953,0.735,-0.004,-0.0016,-0.227117658,0.0089,18.487,61.614,6.33E+06,3.08E+04,0.00E+00,0.00E+00
12-21300002,8/7/2018,12,August,43.415488,-95.164669,Pikes_Point_Beach,MILFORD,0.925,13.1,8.86,5.172,0.74,-0.176,-0.0406,-0.035,-0.004941518,16.331,13.741,1.05E+07,1.13E+05,0.00E+00,0.00E+00
12-21830001,8/7/2018,12,August,41.60113,-95.22643,Prairie_Rose_Beach,HARLAN,1.145,9.62,9.36,5.786,0.774,-0.21,-0.0156,-0.235235754,0.0064,10.316,14.863,5.23E+06,2.11E+05,0.00E+00,0.00E+00
12-21590001,8/7/2018,12,August,41.00091,-93.272,Red_Haw_Beach,CHARITON,1.03,8.12,8.29,7.515,0.788,-0.225,0.0026,1.122,0.179358783,3.853,6.973,1.54E+07,0.00E+00,0.00E+00,0.00E+00
12-21590001-Dup,8/7/2018,12,August,41.00091,-93.272,Red_Haw_Beach,CHARITON,0,7.85,,,,,,,,,,,,,
12-21500001,8/7/2018,12,August,41.73963,-92.85499,Rock_Creek_Beach,KELLOGG,1.265,10.6,8.3,4.592,0.741,-0.156,0.0059,1.171,0.177314338,9.301,16.758,1.47E+08,6.39E+05,0.00E+00,0.00E+00
12-21390001,8/7/2018,12,August,41.77603,-94.4667,Springbrook_Beach,GUTHRIE CENTER,0.623,10,8.87,3.333,0.79,-0.244,-0.0159,0.972523008,0.0712,7.198,9.495,4.79E+06,7.49E+03,0.00E+00,0.00E+00
12-21300003,8/7/2018,12,August,42.128721,-92.72652,Triboji_Beach,MILFORD,0.61,15.2,8.7,5.295,0.72,-0.215,-0.0385,-0.043,-0.004527088,16.589,14.024,1.39E+07,8.21E+04,0.00E+00,0.00E+00
12-21860001,8/7/2018,12,August,42.12505,-92.72008,Union_Grove_Beach,GLADBROOK,4.967,9.68,9.1,4.834,0.765,-0.24,-0.0064,-0.216119832,0.0189,10.069,15.412,1.28E+06,0.00E+00,0.00E+00,0.00E+00
12-21690001,8/7/2018,12,August,40.976,-95.02935,Viking_Lake_Beach,STANTON,20,5.8,8.7,7.771,0.682,-0.182,0.0243,-0.254680788,0.0009,8.04,9.396,7.16E+06,1.94E+05,0.00E+00,0.00E+00
13-21280001,8/14/2018,13,August,42.601715,-91.534234,Backbone_Beach,DUNDEE,0.405,15.2,8,1.499,1.147,0.298,-0.042,6.002,0.0416,16.958,25.086,4.46E+07,0.00E+00,0.00E+00,0.00E+00
13-21350001,8/14/2018,13,August,42.77043,-93.23654,Beeds_Lake,HAMPTON,0.635,13.8,7.7,4.01,1.065,0.438,0.3533,1.647,0.088,14.101,23.534,1.41E+07,4.86E+04,0.00E+00,0.00E+00
13-21350001-Dup,8/14/2018,13,August,42.77043,-93.23654,Beeds_Lake,HAMPTON,0,13.8,,,,,,,,,,,,,
13-21770001,8/14/2018,13,August,41.79395,-93.73185,Big_Creek_Beach,POLK CITY,0.433,13.4,9.1,3.7945,1.134,0.292,-0.0201,2.527,0.0598,15.621,15.27,2.11E+07,8.46E+03,0.00E+00,0.00E+00
13-21810002,8/14/2018,13,August,42.29637,-95.02906,Black_Hawk_Beach,LAKE VIEW,0.575,6.73,8.3,7.068,1.141,0.291,-0.0089,0.268,0.0076,19.634,18.929,2.35E+07,1.07E+04,0.00E+00,0.00E+00
13-21940001,8/14/2018,13,August,42.38858,-93.97857,Brushy_Creek_Beach,LEHIGH,0.748,11.2,8.4,4.671,1.136,0.388,-0.0366,5.598,0.2012,13.32,16.692,1.41E+07,1.18E+04,0.00E+00,0.00E+00
13-21170001,8/14/2018,13,August,43.12524,-93.41469,Clear_Lake,CLEAR LAKE,6.32,7.26,8.4,6.501,1.049,0.32,-0.0225,-0.002,0.005,15.361,12.88,2.25E+06,3.65E+04,0.00E+00,0.00E+00
13-21300005,8/14/2018,13,August,43.496339,-95.120872,Crandalls_Beach,MILFORD,2.088,10.4,8.5,5.244,1.101,0.279,-0.0339,0.181,0.0083,16.764,18.88,6.41E+06,1.75E+05,0.00E+00,0.00E+00
13-21810001,8/14/2018,13,August,42.30153,-95.036022,Denison_Beach,LAKE VIEW,0.38,9.51,8.6,7.162,1.148,0.307,-0.0344,0.277,0.0101,19.522,18.466,1.28E+07,2.74E+04,0.00E+00,0.00E+00
13-21300004,8/14/2018,13,August,43.356726,-95.175393,Emerson_Bay_Beach,MILFORD,0.338,11.2,8.1,5.264,1.021,0.312,-0.0448,0.029,0.0006,23.611,16.481,2.41E+07,3.75E+04,0.00E+00,0.00E+00
13-21300004-Dup,8/14/2018,13,August,43.356726,-95.175393,Emerson_Bay_Beach,MILFORD,0,6.67,,,,,,,,,,,,,
13-21070001,8/14/2018,13,August,42.53497,-92.40055,George_Wyth_Beach,WATERLOO,1.097,9.48,9,5.509,1.1,0.316,-0.0374,0.248,0.0051,54.052,17.65,8.70E+06,3.23E+04,0.00E+00,1.54E+05
13-21880001,8/14/2018,13,August,41.09832,-94.38405,Green_Valley_Beach,CRESTON,4.688,11.6,9.1,6.388,1.115,0.253,-0.0198,0.29,0.0048,9.649,9.653,7.43E+06,1.83E+05,0.00E+00,0.00E+00
13-21300001,8/14/2018,13,August,43.371344,-95.161174,Gull_Point_Beach,MILFORD,0.538,10.4,8.1,5.883,1.063,0.289,-0.0376,0.019,0,23.632,18.116,2.25E+07,7.26E+04,0.00E+00,0.00E+00
13-21040001,8/14/2018,13,August,40.869963,-92.915908,Honey_Creek_Resort_Beach,MORAVIA,0.433,9.88,8.72,24.65,1.12,0.277,-0.0389,0.009,0.0024,10.756,20.5,8.55E+06,1.07E+04,0.00E+00,0.00E+00
13-21890001,8/14/2018,13,August,40.7111,-91.96997,Lacey_Keosauqua_Beach,KEOSAUQUA,0.29,11.3,8.4,6.6135,1.039,0.208,0.5995,0.015,0.0014,2.8,41.075,1.19E+07,1.11E+04,0.00E+00,0.00E+00
13-21910001,8/14/2018,13,August,41.29261,-93.59564,Lake_Ahquabi_Beach,INDIANOLA,0.317,9.2,8.62,24.8,1.055,0.169,0.5721,0.01,0.0047,11.042,9.734,6.47E+06,0.00E+00,0.00E+00,0.00E+00
13-21150001,8/14/2018,13,August,41.42801,-94.78194,Lake_Anita_Beach,ANITA,1.305,9.33,9,5.407,1.106,0.269,0.0127,0.269,0.0013,10.408,8.923,5.52E+06,3.22E+04,0.00E+00,7.69E+04
13-21920001,8/14/2018,13,August,41.2015,-91.90524,Lake_Darling_Beach,BRIGHTON,0.473,10.7,9.2,7.612,1.15,0.174,0.4547,0.064,0.0191,21.529,16.311,3.78E+07,3.28E+04,0.00E+00,0.00E+00
13-21920001-Dup,8/14/2018,13,August,41.2015,-91.90524,Lake_Darling_Beach,BRIGHTON,0,9.75,,,,,,,,,,,,,
13-21620001,8/14/2018,13,August,41.29514,-92.53733,Lake_Keomah_Beach,OSKALOOSA,1.082,11,9.9,10.71,1.143,0.199,0.3901,0.026,0.0184,20.8,27.952,5.40E+06,2.58E+04,0.00E+00,0.00E+00
13-21520001,8/14/2018,13,August,41.7935,-91.57311,Lake_Macbride_Beach,SOLON,0.57,10.2,8.4,4.5195,1.094,0.27,-0.0339,0.255,0.0023,30.833,13.045,1.58E+07,0.00E+00,0.00E+00,0.00E+00
13-21780001,8/14/2018,13,August,41.20518,-95.85738,Lake_Manawa_Beach,COUNCIL BLUFFS,1.203,9.48,8.76,4.123,1.228,0.23,-0.0351,0.277,0.0113,29.574,20.278,4.59E+06,2.29E+04,0.00E+00,0.00E+00
13-21870001,8/14/2018,13,August,40.70991,-94.68961,Lake_of_Three_Fires_Beach,BEDFORD,0.803,6.28,8.97,10.27,1.064,0.305,0.0437,0.282,0.0086,8.212,13.693,8.90E+06,8.71E+03,0.00E+00,0.00E+00
13-21260001,8/14/2018,13,August,40.81961,-92.57458,Lake_Wapello,DRAKESVILLE,0.46,11.3,8.6,7.962,1.12,0.273,-0.0417,0.034,0.0048,4.184,13.487,3.41E+06,7.10E+03,0.00E+00,0.00E+00
13-21670001,8/14/2018,13,August,42.29637,-95.02906,Lewis_and_Clark,ONAWA,0.82,11.2,8.69,9.54,1.181,0.25,-0.0399,0.27,0.0087,9.879,61.712,2.06E+07,0.00E+00,0.00E+00,0.00E+00
13-21670001-Dup,8/14/2018,13,August,42.29637,-95.02906,Lewis_and_Clark,ONAWA,0,13,,,,,,,,,,,,,
13-21420001,8/14/2018,13,August,42.36695,-93.07805,Lower_Pine_Lake_Beach,ELDORA,0.442,8.97,8.5,7.19,1.071,0.269,0.0024,0.009,0.0019,6.483,8.543,8.79E+06,1.93E+04,0.00E+00,0.00E+00
13-21170002,8/14/2018,13,August,43.120293,-93.458859,McIntosh_Woods_Beach,VENTURA,2.832,13.6,8.4,7.881,1.185,0.228,-0.0297,0.039,-0.001,13.686,10.205,5.36E+06,1.63E+05,0.00E+00,0.00E+00
13-21270001,8/14/2018,13,August,40.59674,-93.7723,Nine_Eagles_Beach,DAVIS CITY,0.52,11.2,8.81,6.2015,1.031,0.282,-0.0311,-0.001,-0.001,1.484,5.241,9.62E+06,0.00E+00,0.00E+00,0.00E+00
13-21130002,8/14/2018,13,August,42.479711,-94.633626,North_Twin_Lake_East_Beach ,ROCKWELL CITY,1.3,13.6,8.7,6.454,1.091,0.307,-0.0213,0.279,0.0132,24.404,62.849,7.74E+06,4.04E+04,0.00E+00,0.00E+00
13-21130001,8/14/2018,13,August,42.47907,-94.636946,North_Twin_Lake_West_Beach ,ROCKWELL CITY,1.617,14.7,8.6,6.524,1.004,0.334,-0.0378,0.292,0.0149,24.301,59.457,7.72E+06,6.18E+04,0.00E+00,0.00E+00
13-21300002,8/14/2018,13,August,43.415488,-95.164669,Pikes_Point_Beach,MILFORD,1.125,13.8,8.2,5.201,1.021,0.329,0.0271,0.035,0.0009,23.427,15.949,2.09E+07,4.83E+04,0.00E+00,0.00E+00
13-21830001,8/14/2018,13,August,41.60113,-95.22643,Prairie_Rose_Beach,HARLAN,0.717,8.56,9.11,5.603,1.172,0.303,-0.0389,0.263,0.0105,13.749,13.966,5.28E+06,5.42E+03,0.00E+00,0.00E+00
13-21590001,8/14/2018,13,August,41.00091,-93.272,Red_Haw_Beach,CHARITON,0.863,15.1,7.84,4.284,1.174,0.368,0.0826,0.06,0.0223,14.961,10.551,1.87E+07,0.00E+00,0.00E+00,0.00E+00
13-21500001,8/14/2018,13,August,41.73963,-92.85499,Rock_Creek_Beach,KELLOGG,1.263,11.1,8.7,4.075,1.17,0.241,0.5134,0.671,0.1646,13.603,18.363,2.10E+07,1.16E+05,0.00E+00,0.00E+00
13-21390001,8/14/2018,13,August,41.77603,-94.4667,Springbrook_Beach,GUTHRIE CENTER,0.425,15.1,9.09,3.735,1.092,0.292,-0.0334,1.002,0.0601,8.769,11.287,4.75E+06,6.75E+03,0.00E+00,0.00E+00
13-21300003,8/14/2018,13,August,42.128721,-92.72652,Triboji_Beach,MILFORD,0.33,13.8,8.3,5.256,1.117,0.283,-0.0438,0.044,0.0025,23.648,16.829,1.86E+07,1.92E+04,0.00E+00,0.00E+00
13-21860001,8/14/2018,13,August,42.12505,-92.72008,Union_Grove_Beach,GLADBROOK,1.743,10.7,9.1,4.14,1.066,0.309,-0.0309,0.259,0.004,12.758,13.232,2.94E+07,1.45E+05,0.00E+00,2.87E+04
13-21690001,8/14/2018,13,August,40.976,-95.02935,Viking_Lake_Beach,STANTON,20,14,9.1,9.206,1.073,0.302,-0.0504,0.281,0.0076,8.967,11.276,2.21E+06,6.83E+04,0.00E+00,0.00E+00
14-21280001,8/21/2018,14,August,42.601715,-91.534234,Backbone_Beach,DUNDEE,0.438,16.5,8.9,2.151,1.064,0.169,0.4391,7.496,0.0364,16.674,23.57,4.04E+07,0.00E+00,0.00E+00,0.00E+00
14-21350001,8/21/2018,14,August,42.77043,-93.23654,Beeds_Lake,HAMPTON,0.377,18.6,7.8,4.764,1.224,0.197,0.5078,8.327,0.0445,15.852,18.626,3.31E+07,3.82E+04,0.00E+00,0.00E+00
14-21770001,8/21/2018,14,August,41.79395,-93.73185,Big_Creek_Beach,POLK CITY,0.69,12.9,8.9,4.245,1.068,0.187,0.0357,1.937,0.0636,16.299,11.527,4.82E+06,0.00E+00,0.00E+00,0.00E+00
14-21810002,8/21/2018,14,August,42.29637,-95.02906,Black_Hawk_Beach,LAKE VIEW,0.69,14.5,8.3,7.837,1.022,0.193,0.049,0.013,0.0169,19.905,15.965,1.88E+08,5.89E+04,0.00E+00,0.00E+00
14-21940001,8/21/2018,14,August,42.38858,-93.97857,Brushy_Creek_Beach,LEHIGH,1.628,13.5,8.2,5.597,1.049,0.172,0.0934,4.854,0.176,14.482,16.828,4.44E+06,3.35E+04,0.00E+00,0.00E+00
14-21170001,8/21/2018,14,August,43.12524,-93.41469,Clear_Lake,CLEAR LAKE,6.108,11.8,8.6,8.03,1.036,0.166,0.0139,0.105,0.009,16.223,8.895,1.40E+06,1.09E+04,0.00E+00,0.00E+00
14-21170001-Dup,8/21/2018,14,August,43.12524,-93.41469,Clear_Lake,CLEAR LAKE,0,,,,,,,,,,,,,,
14-21300005,8/21/2018,14,August,43.496339,-95.120872,Crandalls_Beach,MILFORD,2.615,13,8.5,6.832,1.045,0.164,0.1114,-0.04,0.0055,18.62,14.08,7.36E+06,2.28E+05,0.00E+00,0.00E+00
14-21810001,8/21/2018,14,August,42.30153,-95.036022,Denison_Beach,LAKE VIEW,0.433,13.5,8.4,7.755,1.166,0.171,0.0137,0.025,0.0122,19.612,13.675,1.19E+08,6.48E+04,0.00E+00,0.00E+00
14-21300004,8/21/2018,14,August,43.356726,-95.175393,Emerson_Bay_Beach,MILFORD,0.625,13.8,8.3,34.45,1.091,0.154,-0.0092,-0.035,0.0069,24.509,13.024,9.57E+06,3.70E+04,0.00E+00,0.00E+00
14-21070001,8/21/2018,14,August,42.53497,-92.40055,George_Wyth_Beach,WATERLOO,0.65,16.5,8.8,7.456,1.117,0.162,0.0427,0.025,0.0057,53.878,17.04,3.55E+06,1.75E+04,0.00E+00,3.00E+04
14-21070001-Dup,8/21/2018,14,August,42.53497,-92.40055,George_Wyth_Beach,WATERLOO,0,16.1,,,,,,,,,,,,,
14-21880001,8/21/2018,14,August,41.09832,-94.38405,Green_Valley_Beach,CRESTON,6.922,14.4,8.3,9.226,1.118,0.139,0.0413,-0.027,0.0116,10.587,8.987,8.09E+06,3.31E+05,0.00E+00,0.00E+00
14-21300001,8/21/2018,14,August,43.371344,-95.161174,Gull_Point_Beach,MILFORD,0.335,12.2,8.3,6.068,1.062,0.147,0.2005,-0.019,0.0048,24.504,13.274,1.28E+07,5.20E+04,0.00E+00,0.00E+00
14-21040001,8/21/2018,14,August,40.869963,-92.915908,Honey_Creek_Resort_Beach,MORAVIA,0.425,8.47,8.11,6.267,1.201,0.118,0.0304,0.205,0.0051,11.874,19.941,8.90E+06,2.52E+04,0.00E+00,0.00E+00
14-21890001,8/21/2018,14,August,40.7111,-91.96997,Lacey_Keosauqua_Beach,KEOSAUQUA,0.675,9.28,8.3,7.656,1.015,0.156,0.2498,0.015,0.0097,4.062,38.519,0.00E+00,0.00E+00,0.00E+00,0.00E+00
14-21910001,8/21/2018,14,August,41.29261,-93.59564,Lake_Ahquabi_Beach,INDIANOLA,0.752,8.14,7.9,29.78,1.165,0.097,0.546,0.181,0.0145,12.764,7.615,9.69E+03,0.00E+00,0.00E+00,0.00E+00
14-21150001,8/21/2018,14,August,41.42801,-94.78194,Lake_Anita_Beach,ANITA,0.34,11,8.03,5.747,1.064,0.16,0.0349,0.031,0.0072,10.614,7.446,1.32E+07,1.43E+04,0.00E+00,3.94E+04
14-21920001,8/21/2018,14,August,41.2015,-91.90524,Lake_Darling_Beach,BRIGHTON,0.567,8.7,7.4,9.291,1.0865,-0.1215,0.7446,-0.0735,0.01455,22.4605,11.0705,5.07E+07,4.82E+03,0.00E+00,0.00E+00
14-21620001,8/21/2018,14,August,41.29514,-92.53733,Lake_Keomah_Beach,OSKALOOSA,0.855,9.57,9,11.055,1.031,0.1445,0.3792,-0.0565,0.0175,22.2595,21.615,1.08E+06,5.16E+03,0.00E+00,0.00E+00
14-21520001,8/21/2018,14,August,41.7935,-91.57311,Lake_Macbride_Beach,SOLON,0.493,9.75,8.75,5.022,1.048,0.157,0.5096,0.027,0.0034,32.156,12.673,8.58E+06,0.00E+00,0.00E+00,0.00E+00
14-21780001,8/21/2018,14,August,41.20518,-95.85738,Lake_Manawa_Beach,COUNCIL BLUFFS,1.34,12.4,8.25,4.398,1.139,0.131,0.4183,0.104,0.0162,29.269,18.298,1.48E+07,6.49E+04,0.00E+00,0.00E+00
14-21870001,8/21/2018,14,August,40.70991,-94.68961,Lake_of_Three_Fires_Beach,BEDFORD,0.653,8.31,8.9,10.72,0.973,0.145,0.0569,-0.02,0.0119,10.163,8.597,2.73E+06,6.00E+04,0.00E+00,0.00E+00
14-21260001,8/21/2018,14,August,40.81961,-92.57458,Lake_Wapello,DRAKESVILLE,0.358,5.62,8.4,9.958,0.985,0.164,0.0477,-0.01,0.009,5.502,9.632,4.08E+06,8.34E+03,0.00E+00,0.00E+00
14-21670001,8/21/2018,14,August,42.29637,-95.02906,Lewis_and_Clark,ONAWA,0.678,14.1,8.48,10.54,1.073,-0.11,0.533,0.013,0.0139,10.442,61.789,9.44E+06,0.00E+00,0.00E+00,0.00E+00
14-21420001,8/21/2018,14,August,42.36695,-93.07805,Lower_Pine_Lake_Beach,ELDORA,0.545,10.9,8.15,3.667,1.0365,0.249,0.60695,0.6495,0.06725,15.584,10.0725,2.78E+07,1.96E+04,0.00E+00,0.00E+00
14-21170002,8/21/2018,14,August,43.120293,-93.458859,McIntosh_Woods_Beach,VENTURA,4.977,13.9,8.1,9.24,1.112,0.155,0.0227,0.074,0.0032,15.423,7.787,2.07E+06,2.74E+04,0.00E+00,0.00E+00
14-21270001,8/21/2018,14,August,40.59674,-93.7723,Nine_Eagles_Beach,DAVIS CITY,0.533,7.39,8.62,7.272,1.005,0.165,0.0084,-0.026,-0.0002,2.794,3.821,6.85E+06,0.00E+00,0.00E+00,0.00E+00
14-21130002,8/21/2018,14,August,42.479711,-94.633626,North_Twin_Lake_East_Beach ,ROCKWELL CITY,0.67,13,8.5,7.896,1.027,0.179,0.0325,0.002,0.0202,23.779,61.991,4.30E+06,1.61E+04,0.00E+00,0.00E+00
14-21130001,8/21/2018,14,August,42.47907,-94.636946,North_Twin_Lake_West_Beach ,ROCKWELL CITY,0.748,13.2,8.6,7.602,1.115,0.166,0.0643,0.219,0.023,23.718,58.022,2.54E+06,9.74E+03,0.00E+00,0.00E+00
14-21300002,8/21/2018,14,August,43.415488,-95.164669,Pikes_Point_Beach,MILFORD,0.515,11.5,8.3,6.119,1.13,0.193,0.011,-0.002,0.0035,24.605,13.637,1.18E+07,4.12E+04,0.00E+00,0.00E+00
14-21830001,8/21/2018,14,August,41.60113,-95.22643,Prairie_Rose_Beach,HARLAN,0.66,11.5,7.69,5.259,1.16,0.237,0.6144,-0.012,0.0132,13.922,9.311,1.50E+07,9.16E+03,0.00E+00,0.00E+00
14-21590001,8/21/2018,14,August,41.00091,-93.272,Red_Haw_Beach,CHARITON,0.695,8.23,7.64,8.623,1.186,0.08,0.501,0.039,0.0027,7.995,6.337,2.41E+07,0.00E+00,0.00E+00,0.00E+00
14-21500001,8/21/2018,14,August,41.73963,-92.85499,Rock_Creek_Beach,KELLOGG,0.767,12.1,8.1,4.797,1.094,0.249,0.2267,0.443,0.0926,15.069,13.888,2.71E+07,6.62E+04,0.00E+00,0.00E+00
14-21390001,8/21/2018,14,August,41.77603,-94.4667,Springbrook_Beach,GUTHRIE CENTER,0.005,14.1,8.26,3.289,1.076,0.196,0.4622,0.799,0.0911,9.152,9.337,6.71E+06,2.53E+04,0.00E+00,0.00E+00
14-21300003,8/21/2018,14,August,42.128721,-92.72652,Triboji_Beach,MILFORD,0.558,11.4,8.2,6.267,1.091,0.151,0.0466,-0.031,0.0044,24.894,13.05,1.61E+07,1.15E+04,0.00E+00,0.00E+00
14-21860001,8/21/2018,14,August,42.12505,-92.72008,Union_Grove_Beach,GLADBROOK,1.817,11.7,8.9,4.511,1.109,0.172,0.60975,0.046,0.01045,14.4415,12.8175,5.37E+07,1.95E+05,0.00E+00,1.67E+04
14-21690001,8/21/2018,14,August,40.976,-95.02935,Viking_Lake_Beach,STANTON,20,7.54,8.6,12.28,1.1,0.183,0.0193,-0.058,0.0127,8.821,12.696,1.34E+07,1.76E+04,0.00E+00,0.00E+00
15-21280001,8/28/2018,15,August,42.601715,-91.534234,Backbone_Beach,DUNDEE,0.418,15.35,8.8,1.728,1.019,1.142,,6.999,0.0422,17.507,24.371,7.65E+06,0.00E+00,0.00E+00,0.00E+00
15-21350001,8/28/2018,15,August,42.77043,-93.23654,Beeds_Lake,HAMPTON,0.435,24.1,7.6,5.505,1.294,0.02,,4.652,0.0533,9.392,26.311,0.00E+00,0.00E+00,0.00E+00,0.00E+00
15-21770001,8/28/2018,15,August,41.79395,-93.73185,Big_Creek_Beach,POLK CITY,0.855,10.9,8.5,4.424,1.076,0.129,,1.738,0.0674,16.74,12.575,1.25E+08,7.27E+04,0.00E+00,0.00E+00
15-21810002,8/28/2018,15,August,42.29637,-95.02906,Black_Hawk_Beach,LAKE VIEW,0.81,12.9,8.2,6.394,1.095,-0.033,,0.066,0.0119,18.7,16.242,8.93E+06,7.80E+03,0.00E+00,0.00E+00
15-21940001,8/28/2018,15,August,42.38858,-93.97857,Brushy_Creek_Beach,LEHIGH,0.842,16.9,7.7,4.414,1.137,-0.146,,4.157,0.0689,9.029,14.879,9.02E+06,2.09E+04,0.00E+00,0.00E+00
15-21170001,8/28/2018,15,August,43.12524,-93.41469,Clear_Lake,CLEAR LAKE,6.635,13.1,8.45,9.814,1,0.121,,0.44,0.0121,14.76,11.444,9.29E+05,1.08E+04,0.00E+00,0.00E+00
15-21300005,8/28/2018,15,August,43.496339,-95.120872,Crandalls_Beach,MILFORD,8.505,14,8.6,6.709,1.069,0.12,,0.042,0.0081,17.335,16.813,9.07E+06,3.22E+04,0.00E+00,0.00E+00
15-21810001,8/28/2018,15,August,42.30153,-95.036022,Denison_Beach,LAKE VIEW,0.468,13.1,8.2,6.502,1.155,-0.146,,0.243,0.0318,17.634,15.318,2.27E+07,1.06E+04,0.00E+00,0.00E+00
15-21300004,8/28/2018,15,August,43.356726,-95.175393,Emerson_Bay_Beach,MILFORD,0.458,13.6,8.2,5.389,1.008,0.115,,0.055,0.0073,22.614,15.185,1.32E+07,2.76E+04,0.00E+00,0.00E+00
15-21070001,8/28/2018,15,August,42.53497,-92.40055,George_Wyth_Beach,WATERLOO,0.515,10.8,9.1,5.558,1.243,-0.139,,0.059,0.0094,53.295,15.621,2.17E+07,3.84E+04,0.00E+00,6.34E+04
15-21880001,8/28/2018,15,August,41.09832,-94.38405,Green_Valley_Beach,CRESTON,7.142,10.5,8.22,7.02,1.039,0.171,,0.06,0.0113,9.458,7.657,1.92E+07,2.58E+05,0.00E+00,0.00E+00
15-21300001,8/28/2018,15,August,43.371344,-95.161174,Gull_Point_Beach,MILFORD,0.392,13.35,8.3,5.326,1.067,0.042,,0.036,0.0035,23.446,14.733,1.06E+07,5.12E+04,0.00E+00,0.00E+00
15-21040001,8/28/2018,15,August,40.869963,-92.915908,Honey_Creek_Resort_Beach,MORAVIA,0.488,8.14,8.4,24.92,1.016,0.049,,0.057,0.0141,11.127,20.045,1.07E+07,3.19E+04,0.00E+00,0.00E+00
15-21890001,8/28/2018,15,August,40.7111,-91.96997,Lacey_Keosauqua_Beach,KEOSAUQUA,0.93,10.1,8.2,9.133,1.086,-0.001,,0.091,0.02,25.09,22.7,5.82E+06,0.00E+00,0.00E+00,0.00E+00
15-21910001,8/28/2018,15,August,41.29261,-93.59564,Lake_Ahquabi_Beach,INDIANOLA,0.52,8.69,7.79,25.2,1.043,-0.013,,0.085,0.0169,11.387,7.693,7.65E+06,0.00E+00,0.00E+00,0.00E+00
15-21150001,8/28/2018,15,August,41.42801,-94.78194,Lake_Anita_Beach,ANITA,0.473,8.13,7.7,5.673,1.008,0.198,,0.068,0.0122,10.009,6.751,1.74E+07,1.68E+04,0.00E+00,1.80E+04
15-21920001,8/28/2018,15,August,41.2015,-91.90524,Lake_Darling_Beach,BRIGHTON,0.715,10.3,8.6,9.129,1.145,-0.126,,0.052,0.0195,21.284,20.048,6.75E+06,0.00E+00,0.00E+00,0.00E+00
15-21620001,8/28/2018,15,August,41.29514,-92.53733,Lake_Keomah_Beach,OSKALOOSA,0.9,10.3,8.9,9.395,1.141,0.031,,0.045,0.0215,20.874,24.1,7.27E+06,0.00E+00,0.00E+00,0.00E+00
15-21520001,8/28/2018,15,August,41.7935,-91.57311,Lake_Macbride_Beach,SOLON,0.575,9.27,8.7,4.512,0.959,0.114,,0.026,0.0075,31.345,11.089,0.00E+00,0.00E+00,0.00E+00,0.00E+00
15-21780001,8/28/2018,15,August,41.20518,-95.85738,Lake_Manawa_Beach,COUNCIL BLUFFS,1.757,11.8,8.77,4.581,1.055,0.135,,0.053,0.0164,28.526,15.891,1.13E+07,7.13E+04,0.00E+00,0.00E+00
15-21870001,8/28/2018,15,August,40.70991,-94.68961,Lake_of_Three_Fires_Beach,BEDFORD,0.858,8.83,7.9,9.467,0.975,0.145,,0.075,0.0099,8.082,9.994,0.00E+00,0.00E+00,0.00E+00,0.00E+00
15-21260001,8/28/2018,15,August,40.81961,-92.57458,Lake_Wapello,DRAKESVILLE,0.61,10.1,8.6,9.471,1.119,-0.155,,0.041,0.0208,20.652,22.202,0.00E+00,0.00E+00,0.00E+00,0.00E+00
15-21670001,8/28/2018,15,August,42.29637,-95.02906,Lewis_and_Clark,ONAWA,0.825,13.8,8.38,9.23,1.073,-0.115,,0.054,0.0128,9.482,60.68,2.88E+05,0.00E+00,0.00E+00,0.00E+00
15-21420001,8/28/2018,15,August,42.36695,-93.07805,Lower_Pine_Lake_Beach,ELDORA,0.835,14.1,8.5,3.988,1.071,0.137,,0.761,0.0831,13.595,10.257,0.00E+00,0.00E+00,0.00E+00,0.00E+00
15-21170002,8/28/2018,15,August,43.120293,-93.458859,McIntosh_Woods_Beach,VENTURA,3.695,12.8,8.5,8.486,1.046,-0.123,,0.06,0.006,13.923,7.907,0.00E+00,0.00E+00,0.00E+00,0.00E+00
15-21270001,8/28/2018,15,August,40.59674,-93.7723,Nine_Eagles_Beach,DAVIS CITY,0.498,8.38,8.36,6.235,1.021,0.104,,0.034,0.0058,1.96,5.024,4.40E+05,0.00E+00,0.00E+00,0.00E+00
15-21130002,8/28/2018,15,August,42.479711,-94.633626,North_Twin_Lake_East_Beach ,ROCKWELL CITY,1.098,12,8.4,3.221,1.001,0.117,,0.039,0.0244,21.993,64.868,4.26E+06,4.31E+04,0.00E+00,0.00E+00
15-21130001,8/28/2018,15,August,42.47907,-94.636946,North_Twin_Lake_West_Beach ,ROCKWELL CITY,1.115,12.7,8.5,7.087,1.032,0.12,,0.048,0.0237,23.666,63.292,5.07E+06,4.67E+04,0.00E+00,0.00E+00
15-21300002,8/28/2018,15,August,43.415488,-95.164669,Pikes_Point_Beach,MILFORD,0.825,13.4,8.3,5.657,1.145,0.029,,0.044,0.0029,24.384,14.696,1.25E+07,3.57E+04,0.00E+00,0.00E+00
15-21830001,8/28/2018,15,August,41.60113,-95.22643,Prairie_Rose_Beach,HARLAN,2.243,11.6,8.9,6.005,1.147,-0.069,,0.09,0.0174,12.79,10.564,0.00E+00,0.00E+00,0.00E+00,0.00E+00
15-21590001,8/28/2018,15,August,41.00091,-93.272,Red_Haw_Beach,CHARITON,0.805,10.22,7.53,7.8,1.058,0.093,,0.037,0.0059,6.171,7.135,2.70E+05,0.00E+00,0.00E+00,0.00E+00
15-21500001,8/28/2018,15,August,41.73963,-92.85499,Rock_Creek_Beach,KELLOGG,0.938,11.5,8.4,4.376,0.995,0.164,,0.318,0.1089,14.115,15.536,0.00E+00,0.00E+00,0.00E+00,0.00E+00
15-21390001,8/28/2018,15,August,41.77603,-94.4667,Springbrook_Beach,GUTHRIE CENTER,0.793,14.1,8.5,3.315,1.036,0.107,,0.828,0.0671,7.929,9.129,0.00E+00,0.00E+00,0.00E+00,0.00E+00
15-21300003,8/28/2018,15,August,42.128721,-92.72652,Triboji_Beach,MILFORD,0.442,14,8.2,5.404,0.963,-0.003,,0.058,0.0106,24.23,15.639,1.04E+07,2.12E+04,0.00E+00,0.00E+00
15-21860001,8/28/2018,15,August,42.12505,-92.72008,Union_Grove_Beach,GLADBROOK,5.918,11.5,8.7,4.506,1.096,0.145,,0.04,0.0115,13.394,11.161,0.00E+00,0.00E+00,0.00E+00,0.00E+00
15-21690001,8/28/2018,15,August,40.976,-95.02935,Viking_Lake_Beach,STANTON,38.96,9.505,8.2,9.255,0.985,0.139,,0.059,0.0096,9.6,8.946,8.05E+06,4.84E+05,0.00E+00,0.00E+00
